code,description,phenotype,terminology
F17,Nicotine dependence,smoking_current,icd10
160613002,Admitted tobacco consumption possibly untrue (finding),smoking_current,snomed
225324006,Smoking effects education (procedure),smoking_current,snomed
225323000,Smoking cessation education (procedure),smoking_current,snomed
266918002,Tobacco smoking consumption (observable entity),smoking_current,snomed
506491000000102,Brief intervention for smoking cessation (procedure),smoking_current,snomed
771155005,Brief intervention for smoking cessation (procedure),smoking_current,snomed
230065006,Chain smoker (finding),smoking_current,snomed
230057008,Cigar consumption (observable entity),smoking_current,snomed
59978006,Cigar smoker (finding),smoking_current,snomed
230056004,Cigarette consumption (observable entity),smoking_current,snomed
401201003,Cigarette pack-years (observable entity),smoking_current,snomed
65568007,Cigarette smoker (finding),smoking_current,snomed
755721000000107,Consent given for follow-up by smoking cessation team (finding),smoking_current,snomed
77176002,Smoker (finding),smoking_current,snomed
755741000000100,Declined consent for follow-up by smoking cessation team (finding),smoking_current,snomed
446172000,Failed attempt to stop smoking (finding),smoking_current,snomed
230063004,Heavy cigarette smoker (finding),smoking_current,snomed
160605003,Heavy cigarette smoker (20-39 cigs/day) (finding),smoking_current,snomed
56771006,Heavy smoker (over 20 per day) (finding),smoking_current,snomed
784481000000108,Issue of nicotine replacement therapy voucher (procedure),smoking_current,snomed
160612007,Keeps trying to stop smoking (finding),smoking_current,snomed
230060001,Light cigarette smoker (finding),smoking_current,snomed
160603005,Light cigarette smoker (1-9 cigs/day) (finding),smoking_current,snomed
413173009,Minutes from waking to first tobacco consumption (observable entity),smoking_current,snomed
230062009,Moderate cigarette smoker (finding),smoking_current,snomed
160604004,Moderate cigarette smoker (10-19 cigs/day) (finding),smoking_current,snomed
56578002,Moderate smoker (20 or less per day) (finding),smoking_current,snomed
313396002,Nicotine replacement therapy (situation),smoking_current,snomed
315022003,Nicotine replacement therapy declined (situation),smoking_current,snomed
200211000000104,Nicotine replacement therapy provided by community pharmacist (procedure),smoking_current,snomed
390905006,Nicotine replacement therapy provided free (procedure),smoking_current,snomed
280801000000101,Nicotine replacement therapy using nicotine gum (procedure),smoking_current,snomed
280811000000104,Nicotine replacement therapy using nicotine inhalator (procedure),smoking_current,snomed
790131000000109,Nicotine replacement therapy using nicotine lozenge (procedure),smoking_current,snomed
790121000000107,Nicotine replacement therapy using nicotine patch (procedure),smoking_current,snomed
394873005,Not interested in stopping smoking (finding),smoking_current,snomed
230059006,Occasional cigarette smoker (finding),smoking_current,snomed
266920004,Trivial cigarette smoker (less than one cigarette/day) (finding),smoking_current,snomed
428041000124106,Occasional tobacco smoker (finding),smoking_current,snomed
710081004,Smoking cessation therapy (regime/therapy),smoking_current,snomed
315055008,Over the counter nicotine replacement therapy (procedure),smoking_current,snomed
82302008,Pipe smoker (finding),smoking_current,snomed
230058003,Pipe tobacco consumption (observable entity),smoking_current,snomed
712971000000108,Practice based smoking cessation programme start date (observable entity),smoking_current,snomed
171055003,Pregnancy smoking education (procedure),smoking_current,snomed
699033005,Provision of smoking cessation leaflet (procedure),smoking_current,snomed
838131000000103,Provision of written information about smoking cessation (procedure),smoking_current,snomed
1109921000000106,Quality and Outcomes Framework quality indicator-related care invitation (procedure),smoking_current,snomed
1110971000000101,Quality and Outcomes Framework smoking quality indicator-related care invitation (procedure),smoking_current,snomed
143461000000103,Quality and Outcomes Framework smoking quality indicator-related care invitation using preferred method of communication (procedure),smoking_current,snomed
394872000,Ready to stop smoking (finding),smoking_current,snomed
401159003,Reason for restarting smoking (observable entity),smoking_current,snomed
770729006,Referral for brief intervention for smoking cessation (procedure),smoking_current,snomed
767641000000109,Referral for smoking cessation service offered (finding),smoking_current,snomed
505281000000106,Referral to National Health Service stop smoking service (procedure),smoking_current,snomed
395700008,Referral to smoking cessation advisor (procedure),smoking_current,snomed
871661000000106,Referral to smoking cessation service (procedure),smoking_current,snomed
871641000000105,Referral to smoking cessation service declined (situation),smoking_current,snomed
315232003,Referral to stop-smoking clinic (procedure),smoking_current,snomed
160619003,Rolls own cigarettes (finding),smoking_current,snomed
401068004,Seen by smoking cessation advisor (finding),smoking_current,snomed
1084381000000100,Signposting to smoking cessation service (procedure),smoking_current,snomed
225934006,Smokes in bed (finding),smoking_current,snomed
449868002,Smokes tobacco daily (finding),smoking_current,snomed
527151000000107,Smoking cessation advice declined (situation),smoking_current,snomed
200221000000105,Smoking cessation advice provided by community pharmacist (situation),smoking_current,snomed
384742004,Smoking cessation assistance (regime/therapy),smoking_current,snomed
713700008,Smoking cessation drug therapy (regime/therapy),smoking_current,snomed
822591000000108,Smoking cessation drug therapy declined (situation),smoking_current,snomed
521721000000109,Smoking cessation leaflet given (situation),smoking_current,snomed
1087441000000106,Smoking cessation programme declined (situation),smoking_current,snomed
310429001,Smoking monitoring invitation (procedure),smoking_current,snomed
134406006,Smoking reduced (finding),smoking_current,snomed
308438006,Smoking restarted (finding),smoking_current,snomed
266929003,Smoking started (finding),smoking_current,snomed
783401000000101,Stop smoking invitation first short message service text message (procedure),smoking_current,snomed
783441000000103,Stop smoking invitation second short message service text message (procedure),smoking_current,snomed
783381000000101,Stop smoking invitation short message service text message (procedure),smoking_current,snomed
783481000000106,Stop smoking invitation third short message service text message (procedure),smoking_current,snomed
185792005,Stop smoking monitoring first letter (procedure),smoking_current,snomed
185793000,Stop smoking monitoring second letter (procedure),smoking_current,snomed
185796008,Stop smoking monitoring telephone invite (procedure),smoking_current,snomed
185794006,Stop smoking monitoring third letter (procedure),smoking_current,snomed
185795007,Stop smoking monitoring verbal invite (procedure),smoking_current,snomed
783011000000105,Stop smoking service opportunity signposted (situation),smoking_current,snomed
394871007,Thinking about stopping smoking (finding),smoking_current,snomed
365982000,Finding of tobacco smoking consumption (finding),smoking_current,snomed
266927001,Tobacco smoking consumption unknown (finding),smoking_current,snomed
110483000,Tobacco user (finding),smoking_current,snomed
160616005,Trying to give up smoking (finding),smoking_current,snomed
966971000000103,Varenicline smoking cessation therapy declined (situation),smoking_current,snomed
966991000000104,Varenicline smoking cessation therapy offered (situation),smoking_current,snomed
1110791000000100,Very Brief Advice on Smoking (procedure),smoking_current,snomed
230064005,Very heavy cigarette smoker (finding),smoking_current,snomed
160606002,Very heavy cigarette smoker (40+ cigs/day) (finding),smoking_current,snomed
203191000000107,Wants to stop smoking (finding),smoking_current,snomed
836001000000109,Waterpipe tobacco consumption (observable entity),smoking_current,snomed
E10,Type 1 diabetes mellitus,diabetes,icd10
O240,Pre-existing type 1 diabetes mellitus,diabetes,icd10
E11,Type 2 diabetes mellitus,diabetes,icd10
O241,Pre-existing type 2 diabetes mellitus,diabetes,icd10
E12,Malnutrition-related diabetes mellitus,diabetes,icd10
E13,Other specified diabetes mellitus ,diabetes,icd10
E14,Unspecified diabetes mellitus,diabetes,icd10
G590,Diabetic mononeuropathy,diabetes,icd10
G632,Diabetic polyneuropathy,diabetes,icd10
H280,Diabetic cataract,diabetes,icd10
H360,Diabetic retinopathy,diabetes,icd10
M142,Diabetic arthropathy,diabetes,icd10
N083,Glomerular disorders in diabetes mellitus,diabetes,icd10
O242,Pre-existing malnutrition-related diabetes mellitus,diabetes,icd10
O243,"Pre-existing diabetes mellitus, unspecified",diabetes,icd10
290002008,Brittle type 1 diabetes mellitus (disorder),diabetes,snomed
421920002,Cataract of eye due to diabetes mellitus type 1 (disorder),diabetes,snomed
90721000119101,Chronic kidney disease stage 1 due to type 1 diabetes mellitus (disorder),diabetes,snomed
90731000119103,Chronic kidney disease stage 2 due to type 1 diabetes mellitus (disorder),diabetes,snomed
90741000119107,Chronic kidney disease stage 3 due to type 1 diabetes mellitus (disorder),diabetes,snomed
90761000119106,Chronic kidney disease stage 5 due to type 1 diabetes mellitus (disorder),diabetes,snomed
46635009,Diabetes mellitus type 1 (disorder),diabetes,snomed
31321000119102,Diabetes mellitus type 1 without retinopathy (disorder),diabetes,snomed
279291000000109,Diabetes type 1 review (regime/therapy),diabetes,snomed
420270002,Ketoacidosis due to type 1 diabetes mellitus (disorder),diabetes,snomed
739681000,Disorder of eye due to type 1 diabetes mellitus (disorder),diabetes,snomed
420868002,Disorder due to type 1 diabetes mellitus (disorder),diabetes,snomed
421468001,Disorder of nervous system due to type 1 diabetes mellitus (disorder),diabetes,snomed
1067201000000106,Eating disorder co-occurrent with diabetes mellitus type 1 (disorder),diabetes,snomed
420486006,Exudative maculopathy due to type 1 diabetes mellitus (disorder),diabetes,snomed
420825003,Gangrene due to type 1 diabetes mellitus (disorder),diabetes,snomed
713702000,Gastroparesis due to type 1 diabetes mellitus (disorder),diabetes,snomed
472970003,History of diabetes mellitus type 1 (situation),diabetes,snomed
87481000119109,Heel AND/OR midfoot ulcer due to type 1 diabetes mellitus (disorder),diabetes,snomed
367991000119101,Hyperglycemia due to type 1 diabetes mellitus (disorder),diabetes,snomed
137941000119106,Hyperlipidemia due to type 1 diabetes mellitus (disorder),diabetes,snomed
421437000,Hypoglycemic coma due to type 1 diabetes mellitus (disorder),diabetes,snomed
23045005,Insulin dependent diabetes mellitus type IA (disorder),diabetes,snomed
128531006,Islet cell transplant (procedure),diabetes,snomed
421075007,Ketoacidotic coma due to type 1 diabetes mellitus (disorder),diabetes,snomed
80660001,Mauriac's syndrome (disorder),diabetes,snomed
18521000119106,Microalbuminuria due to type 1 diabetes mellitus (disorder),diabetes,snomed
1571000119104,Mixed hyperlipidemia due to type 1 diabetes mellitus (disorder),diabetes,snomed
420918009,Mononeuropathy due to type 1 diabetes mellitus (disorder),diabetes,snomed
422228004,Multiple complications due to type 1 diabetes mellitus (disorder),diabetes,snomed
870528001,Newly diagnosed type 1 diabetes mellitus (disorder),diabetes,snomed
62438007,Transplantation of pancreas (procedure),diabetes,snomed
31211000119101,Peripheral angiopathy due to type 1 diabetes mellitus (disorder),diabetes,snomed
71791000119104,Peripheral neuropathy due to type 1 diabetes mellitus (disorder),diabetes,snomed
421305000,Persistent microalbuminuria due to type 1 diabetes mellitus (disorder),diabetes,snomed
420514000,Persistent proteinuria due to type 1 diabetes mellitus (disorder),diabetes,snomed
713705003,Polyneuropathy due to type 1 diabetes mellitus (disorder),diabetes,snomed
199223000,Diabetes mellitus during pregnancy childbirth and the puerperium (disorder),diabetes,snomed
243421000119104,Proteinuria due to type 1 diabetes mellitus (disorder),diabetes,snomed
754461000000105,Referral to type I diabetes structured education programme (procedure),diabetes,snomed
421893009,Renal disorder due to type 1 diabetes mellitus (disorder),diabetes,snomed
174694002,Renewal of transplanted pancreatic tissue (procedure),diabetes,snomed
420789003,Retinopathy due to type 1 diabetes mellitus (disorder),diabetes,snomed
82581000119105,Rubeosis iridis due to type 1 diabetes mellitus (disorder),diabetes,snomed
174691005,Transplantation of pancreas and duodenum (procedure),diabetes,snomed
174693008,Transplantation of tail of pancreas (procedure),diabetes,snomed
174692003,Whole organ pancreatic transplant (procedure),diabetes,snomed
444073006,Uncontrolled type 1 diabetes mellitus (disorder),diabetes,snomed
703137001,Type I diabetes mellitus in remission (disorder),diabetes,snomed
190372001,Type I diabetes mellitus maturity onset (disorder),diabetes,snomed
314893005,Arthropathy due to type 1 diabetes mellitus (disorder),diabetes,snomed
314771006,Type I diabetes mellitus with hypoglycemic coma (disorder),diabetes,snomed
71771000119100,Neuropathic arthropathy due to type 1 diabetes mellitus (disorder),diabetes,snomed
401110002,Type 1 diabetes mellitus with persistent microalbuminuria (disorder),diabetes,snomed
190368000,Type I diabetes mellitus with ulcer (disorder),diabetes,snomed
313435000,Type I diabetes mellitus without complication (disorder),diabetes,snomed
754101000000103,Type I diabetic dietary review (regime/therapy),diabetes,snomed
791000119109,Angina due to type 2 diabetes mellitus (disorder),diabetes,snomed
16747661000119109,Nonproliferative retinopathy of bilateral eyes due to diabetes mellitus type 2 (disorder),diabetes,snomed
445353002,Brittle type 2 diabetes mellitus (disorder),diabetes,snomed
420756003,Cataract of eye due to diabetes mellitus type 2 (disorder),diabetes,snomed
751000119104,Chronic kidney disease stage 1 due to type 2 diabetes mellitus (disorder),diabetes,snomed
741000119101,Chronic kidney disease stage 2 due to type 2 diabetes mellitus (disorder),diabetes,snomed
731000119105,Chronic kidney disease stage 3 due to type 2 diabetes mellitus (disorder),diabetes,snomed
721000119107,Chronic kidney disease stage 4 due to type 2 diabetes mellitus (disorder),diabetes,snomed
711000119100,Chronic kidney disease stage 5 due to type 2 diabetes mellitus (disorder),diabetes,snomed
16891151000119103,Coronary artery disease due to type 2 diabetes mellitus (disorder),diabetes,snomed
44054006,Diabetes mellitus type 2 (disorder),diabetes,snomed
1481000119100,Diabetes mellitus type 2 without retinopathy (disorder),diabetes,snomed
237599002,Insulin treated type 2 diabetes mellitus (disorder),diabetes,snomed
279321000000104,Diabetes type 2 review (regime/therapy),diabetes,snomed
10660471000119109,Ulcer of left foot due to type 2 diabetes mellitus (disorder),diabetes,snomed
420279001,Renal disorder due to type 2 diabetes mellitus (disorder),diabetes,snomed
421326000,Disorder of nervous system due to type 2 diabetes mellitus (disorder),diabetes,snomed
422034002,Retinopathy due to type 2 diabetes mellitus (disorder),diabetes,snomed
1511000119107,Peripheral neuropathy due to type 2 diabetes mellitus (disorder),diabetes,snomed
422014003,Disorder due to type 2 diabetes mellitus (disorder),diabetes,snomed
422099009,Disorder of eye due to type 2 diabetes mellitus (disorder),diabetes,snomed
111231000119109,Dyslipidemia with high density lipoprotein below reference range and triglyceride above reference range due to type 2 diabetes mellitus (disorder),diabetes,snomed
421779007,Exudative maculopathy due to type 2 diabetes mellitus (disorder),diabetes,snomed
1521000119100,Ulcer of foot due to type 2 diabetes mellitus (disorder),diabetes,snomed
87461000119100,Ulcer of forefoot due to type 2 diabetes mellitus (disorder),diabetes,snomed
421631007,Gangrene due to type 2 diabetes mellitus (disorder),diabetes,snomed
713703005,Gastroparesis due to type 2 diabetes mellitus (disorder),diabetes,snomed
472969004,History of diabetes mellitus type 2 (situation),diabetes,snomed
137931000119102,Hyperlipidemia due to type 2 diabetes mellitus (disorder),diabetes,snomed
395204000,Hyperosmolar non-ketotic state due to type 2 diabetes mellitus (disorder),diabetes,snomed
140121000119100,Hypertension in chronic kidney disease stage 3 due to type 2 diabetes mellitus (disorder),diabetes,snomed
120731000119103,Hypoglycemia due to type 2 diabetes mellitus (disorder),diabetes,snomed
719216001,Hypoglycemic coma due to type 2 diabetes mellitus (disorder),diabetes,snomed
140521000119107,Ischemic ulcer of foot due to type 2 diabetes mellitus (disorder),diabetes,snomed
421750000,Ketoacidosis due to type 2 diabetes mellitus (disorder),diabetes,snomed
421847006,Ketoacidotic coma due to type 2 diabetes mellitus (disorder),diabetes,snomed
110171000119107,Ulcer of lower limb due to type 2 diabetes mellitus (disorder),diabetes,snomed
90781000119102,Microalbuminuria due to type 2 diabetes mellitus (disorder),diabetes,snomed
701000119103,Mixed hyperlipidemia due to type 2 diabetes mellitus (disorder),diabetes,snomed
420436000,Mononeuropathy due to type 2 diabetes mellitus (disorder),diabetes,snomed
190388001,Multiple complications due to type 2 diabetes mellitus (disorder),diabetes,snomed
781000119106,Neuropathic arthropathy due to type 2 diabetes mellitus (disorder),diabetes,snomed
140381000119104,Neuropathic ulcer of toe due to type 2 diabetes mellitus (disorder),diabetes,snomed
368581000119106,Neuropathy due to type 2 diabetes mellitus (disorder),diabetes,snomed
422166005,Peripheral circulatory disorder due to type 2 diabetes mellitus (disorder),diabetes,snomed
420715001,Persistent microalbuminuria due to type 2 diabetes mellitus (disorder),diabetes,snomed
421986006,Persistent proteinuria due to type 2 diabetes mellitus (disorder),diabetes,snomed
713706002,Polyneuropathy due to type 2 diabetes mellitus (disorder),diabetes,snomed
199230006,Pre-existing type 2 diabetes mellitus (disorder),diabetes,snomed
237627000,Pregnancy and type 2 diabetes mellitus (disorder),diabetes,snomed
1501000119109,Proliferative retinopathy due to type 2 diabetes mellitus (disorder),diabetes,snomed
157141000119108,Proteinuria due to type 2 diabetes mellitus (disorder),diabetes,snomed
443694000,Uncontrolled type 2 diabetes mellitus (disorder),diabetes,snomed
703138006,Type II diabetes mellitus in remission (disorder),diabetes,snomed
444110003,Well controlled type 2 diabetes mellitus (disorder),diabetes,snomed
314903002,Arthropathy due to type 2 diabetes mellitus (disorder),diabetes,snomed
190331003,Hyperosmolar coma due to type 2 diabetes mellitus (disorder),diabetes,snomed
314904008,Type II diabetes mellitus with neuropathic arthropathy (disorder),diabetes,snomed
314902007,Peripheral angiopathy due to type 2 diabetes mellitus (disorder),diabetes,snomed
190389009,Type II diabetes mellitus with ulcer (disorder),diabetes,snomed
313436004,Type II diabetes mellitus without complication (disorder),diabetes,snomed
754121000000107,Type II diabetic dietary review (regime/therapy),diabetes,snomed
24481000000101,Type 2 diabetic on diet only (finding),diabetes,snomed
24471000000103,Type 2 diabetic on insulin (finding),diabetes,snomed
140391000119101,Ulcer of toe due to type 2 diabetes mellitus (disorder),diabetes,snomed
530558861000132104,Atypical diabetes mellitus (disorder),diabetes,snomed
368461000119103,Chronic kidney disease stage 5 due to drug induced diabetes mellitus (disorder),diabetes,snomed
284449005,Congenital total lipodystrophy (disorder),diabetes,snomed
721088003,Developmental delay epilepsy neonatal diabetes syndrome (disorder),diabetes,snomed
70694009,Wolfram syndrome (disorder),diabetes,snomed
426705001,Diabetes mellitus co-occurrent and due to cystic fibrosis (disorder),diabetes,snomed
5969009,Diabetes mellitus associated with genetic syndrome (disorder),diabetes,snomed
59079001,Diabetes mellitus associated with hormonal etiology (disorder),diabetes,snomed
51002006,Diabetes mellitus associated with pancreatic disease (disorder),diabetes,snomed
237604008,Maturity onset diabetes of the young type 2 (disorder),diabetes,snomed
737212004,Diabetes mellitus caused by chemical (disorder),diabetes,snomed
427089005,Diabetes mellitus due to cystic fibrosis (disorder),diabetes,snomed
75682002,Diabetes mellitus caused by insulin receptor antibodies (disorder),diabetes,snomed
408540003,Diabetes mellitus caused by non-steroid drugs (disorder),diabetes,snomed
413183008,Diabetes mellitus caused by non-steroid drugs without complication (disorder),diabetes,snomed
190447002,Steroid-induced diabetes (disorder),diabetes,snomed
111307005,Leprechaunism syndrome (disorder),diabetes,snomed
5368009,Drug-induced diabetes mellitus (disorder),diabetes,snomed
2751001,Fibrocalculous pancreatic diabetes (disorder),diabetes,snomed
771571000000102,History of secondary diabetes mellitus (situation),diabetes,snomed
472972006,History of maturity onset diabetes mellitus in young (situation),diabetes,snomed
368601000119102,Hyperosmolar coma due to secondary diabetes mellitus (disorder),diabetes,snomed
237613005,Hyperproinsulinemia (disorder),diabetes,snomed
763325000,Insulin resistance (disorder),diabetes,snomed
237651005,Insulin resistance - type A (disorder),diabetes,snomed
237652003,Insulin resistance - type B (disorder),diabetes,snomed
75524006,Malnutrition related diabetes mellitus (disorder),diabetes,snomed
426875007,Latent autoimmune diabetes mellitus in adult (disorder),diabetes,snomed
127012008,Lipoatrophic diabetes (disorder),diabetes,snomed
112991000000101,Lipoatrophic diabetes mellitus without complication (disorder),diabetes,snomed
237608006,Lipodystrophy partial with Rieger anomaly short stature and insulinopenic diabetes mellitus (disorder),diabetes,snomed
420996007,Coma due to malnutrition-related diabetes mellitus (disorder),diabetes,snomed
190406000,Ketoacidosis due to malnutrition related diabetes mellitus (disorder),diabetes,snomed
190411003,Multiple complications due to malnutrition related diabetes (disorder),diabetes,snomed
190410002,Malnutrition-related diabetes mellitus with peripheral circulatory complications (disorder),diabetes,snomed
190407009,Malnutrition-related diabetes mellitus with renal complications (disorder),diabetes,snomed
190412005,Malnutrition-related diabetes mellitus without complications (disorder),diabetes,snomed
420683009,Disorder of nervous system due to malnutrition related diabetes mellitus (disorder),diabetes,snomed
421256007,Disorder of eye due to malnutrition related diabetes mellitus (disorder),diabetes,snomed
335621000000101,Maternally inherited diabetes mellitus (disorder),diabetes,snomed
609561005,Maturity-onset diabetes of the young (disorder),diabetes,snomed
609562003,Maturity onset diabetes of the young type 1 (disorder),diabetes,snomed
609572000,Maturity-onset diabetes of the young type 5 (disorder),diabetes,snomed
237617006,Megaloblastic anemia thiamine-responsive with diabetes mellitus and sensorineural deafness (disorder),diabetes,snomed
49817004,Neonatal diabetes mellitus (disorder),diabetes,snomed
73211009,Diabetes mellitus (disorder),diabetes,snomed
420422005,Ketoacidosis due to diabetes mellitus (disorder),diabetes,snomed
385041000000108,Diabetes mellitus with multiple complications (disorder),diabetes,snomed
422088007,Disorder of nervous system due to diabetes mellitus (disorder),diabetes,snomed
25093002,Disorder of eye due to diabetes mellitus (disorder),diabetes,snomed
421895002,Peripheral vascular disorder due to diabetes mellitus (disorder),diabetes,snomed
127013003,Disorder of kidney due to diabetes mellitus (disorder),diabetes,snomed
74627003,Complication due to diabetes mellitus (disorder),diabetes,snomed
33559001,Pineal hyperplasia AND diabetes mellitus syndrome (disorder),diabetes,snomed
57886004,Protein-deficient diabetes mellitus (disorder),diabetes,snomed
8801005,Secondary diabetes mellitus (disorder),diabetes,snomed
237601000,Secondary endocrine diabetes mellitus (disorder),diabetes,snomed
190416008,Steroid-induced diabetes mellitus without complication (disorder),diabetes,snomed
724276006,X-linked immune dysregulation polyendocrinopathy enteropathy syndrome (disorder),diabetes,snomed
237620003,Abnormal metabolic state due to diabetes mellitus (disorder),diabetes,snomed
735200002,Absence of lower limb due to diabetes mellitus (disorder),diabetes,snomed
762489000,Acute complication due to diabetes mellitus (disorder),diabetes,snomed
193183000,Acute painful neuropathy due to diabetes mellitus (disorder),diabetes,snomed
193350004,Advanced maculopathy due to diabetes mellitus (disorder),diabetes,snomed
311782002,Advanced retinal disease due to diabetes mellitus (disorder),diabetes,snomed
193185007,Asymptomatic neuropathy due to diabetes mellitus (disorder),diabetes,snomed
863880004,At low risk of ulcer of left foot due to diabetes mellitus (finding),diabetes,snomed
863879002,At low risk of ulcer of right foot due to diabetes mellitus (finding),diabetes,snomed
306441000000109,Attended dose adjustment for normal eating diabetes structured education programme (finding),diabetes,snomed
276651000000107,Attended diabetes education and self management for ongoing and newly diagnosed structured programme (finding),diabetes,snomed
413597006,Attended diabetes structured education program (finding),diabetes,snomed
306401000000106,Attended expert patient education versus routine treatment diabetes structured education programme (finding),diabetes,snomed
50620007,Autonomic neuropathy due to diabetes mellitus (disorder),diabetes,snomed
390834004,Nonproliferative retinopathy due to diabetes mellitus (disorder),diabetes,snomed
768794008,Cataract of bilateral eyes due to diabetes mellitus (disorder),diabetes,snomed
11530004,Brittle diabetes mellitus (disorder),diabetes,snomed
48951005,Bullous disease due to diabetes mellitus (disorder),diabetes,snomed
768793002,Cataract of left eye due to diabetes mellitus (disorder),diabetes,snomed
768792007,Cataract of right eye due to diabetes mellitus (disorder),diabetes,snomed
200687002,Cellulitis of foot due to diabetes mellitus (disorder),diabetes,snomed
193184006,Chronic painful neuropathy due to diabetes mellitus (disorder),diabetes,snomed
230575000,Chronic painful polyneuropathy due to diabetes mellitus (disorder),diabetes,snomed
236500003,Proteinuric nephropathy due to diabetes mellitus (disorder),diabetes,snomed
312911008,Clinically significant macular edema (disorder),diabetes,snomed
769222008,Clinically significant macular edema of left eye due to diabetes mellitus (disorder),diabetes,snomed
769221001,Clinically significant macular edema of right eye due to diabetes mellitus (disorder),diabetes,snomed
770097006,Clinically significant macular edema due to diabetes mellitus (disorder),diabetes,snomed
420662003,Coma due to diabetes mellitus (disorder),diabetes,snomed
306471000000103,Dose adjustment for normal eating diabetes structured education programme completed (situation),diabetes,snomed
306501000000105,Diabetes education and self management for ongoing and newly diagnosed structured programme completed (situation),diabetes,snomed
230572002,Neuropathy due to diabetes mellitus (disorder),diabetes,snomed
658011000000104,Diabetes mellitus with other specified manifestation (disorder),diabetes,snomed
422275004,Gangrene due to diabetes mellitus (disorder),diabetes,snomed
532411000000102,Diabetes mellitus adult onset with no mention of complication (disorder),diabetes,snomed
276560009,Diabetes mellitus in neonate small for gestational age (disorder),diabetes,snomed
703136005,Diabetes mellitus in remission (disorder),diabetes,snomed
315287002,Diabetes mellitus insulin-glucose infusion in acute myocardial infarction (procedure),diabetes,snomed
268519009,Diabetic - poor control (finding),diabetes,snomed
422126006,Hyperosmolar coma due to diabetes mellitus (disorder),diabetes,snomed
26298008,Ketoacidotic coma due to diabetes mellitus (disorder),diabetes,snomed
111552007,Diabetes mellitus without complication (disorder),diabetes,snomed
49455004,Polyneuropathy due to diabetes mellitus (disorder),diabetes,snomed
421365002,Peripheral circulatory disorder due to type 1 diabetes mellitus (disorder),diabetes,snomed
190330002,Hyperosmolar coma due to type 1 diabetes mellitus (disorder),diabetes,snomed
185756006,Diabetes monitoring first letter (procedure),diabetes,snomed
310425007,Diabetes monitoring invitation (procedure),diabetes,snomed
705072004,Diabetes monitoring invitation by short message service text messaging (procedure),diabetes,snomed
1083111000000108,Diabetes monitoring invitation email (procedure),diabetes,snomed
185757002,Diabetes monitoring second letter (procedure),diabetes,snomed
1066911000000100,Diabetes monitoring short message service text message first invitation (procedure),diabetes,snomed
1066921000000106,Diabetes monitoring short message service text message second invitation (procedure),diabetes,snomed
1066931000000108,Diabetes monitoring short message service text message third invitation (procedure),diabetes,snomed
185760009,Diabetes monitoring telephone invite (procedure),diabetes,snomed
185758007,Diabetes monitoring third letter (procedure),diabetes,snomed
185759004,Diabetes monitoring verbal invite (procedure),diabetes,snomed
315051004,Diabetes resolved (finding),diabetes,snomed
755491000000100,Diabetes structured education programme completed (situation),diabetes,snomed
306591000000103,Diabetes structured education programme declined (situation),diabetes,snomed
885931000000100,Diabetes structured education programme not available (situation),diabetes,snomed
1103691000000102,Diabetes structured education programme offered (situation),diabetes,snomed
237619009,Maternally inherited diabetes and deafness (disorder),diabetes,snomed
170763003,Diabetic - good control (finding),diabetes,snomed
39058009,Lumbosacral radiculoplexus neuropathy due to diabetes mellitus (disorder),diabetes,snomed
43959009,Cataract of eye due to diabetes mellitus (disorder),diabetes,snomed
201724008,Neuropathic arthropathy due to diabetes mellitus (disorder),diabetes,snomed
201723002,Cheiroarthropathy due to diabetes mellitus (disorder),diabetes,snomed
238982009,Dermopathy due to diabetes mellitus (disorder),diabetes,snomed
429729007,Diabetic education completed (situation),diabetes,snomed
280137006,Diabetic foot (disorder),diabetes,snomed
401191002,Diabetic foot examination (regime/therapy),diabetes,snomed
412752009,Diabetic foot examination declined (situation),diabetes,snomed
408397002,Diabetic foot examination not indicated (situation),diabetes,snomed
394683006,Diabetic foot risk assessment (procedure),diabetes,snomed
367011000000100,Diabetic foot screen (regime/therapy),diabetes,snomed
371087003,Ulcer of foot due to diabetes mellitus (disorder),diabetes,snomed
309426007,Glomerulopathy due to diabetes mellitus (disorder),diabetes,snomed
707221002,Glomerulosclerosis of kidney due to diabetes mellitus (disorder),diabetes,snomed
310505005,Hyperosmolar non-ketotic state due to diabetes mellitus (disorder),diabetes,snomed
193489006,Iritis due to diabetes mellitus (disorder),diabetes,snomed
111556005,Ketoacidosis without coma due to diabetes mellitus (disorder),diabetes,snomed
312912001,Macular edema due to diabetes mellitus (disorder),diabetes,snomed
399864000,Macular edema not clinically significant due to diabetes mellitus (disorder),diabetes,snomed
769218003,Macular edema of left eye due to diabetes mellitus (disorder),diabetes,snomed
769217008,Macular edema of right eye due to diabetes mellitus (disorder),diabetes,snomed
232020009,Disorder of macula due to diabetes mellitus (disorder),diabetes,snomed
860712005,Disorder of macula of bilateral eyes due to diabetes mellitus present (situation),diabetes,snomed
769245002,Disorder of left macula due to diabetes mellitus (disorder),diabetes,snomed
769244003,Disorder of right macula due to diabetes mellitus (disorder),diabetes,snomed
724136006,Mastopathy due to diabetes mellitus (disorder),diabetes,snomed
126534007,Mixed sensorimotor polyneuropathy due to diabetes mellitus (disorder),diabetes,snomed
193141005,Mononeuritis multiplex due to diabetes mellitus (disorder),diabetes,snomed
230577008,Mononeuropathy due to diabetes mellitus (disorder),diabetes,snomed
170745003,Diabetic on diet only (finding),diabetes,snomed
170747006,Diabetic on insulin (finding),diabetes,snomed
127014009,Peripheral angiopathy due to diabetes mellitus (disorder),diabetes,snomed
424736006,Peripheral neuropathy due to diabetes mellitus (disorder),diabetes,snomed
401081006,Diabetic peripheral neuropathy screening (regime/therapy),diabetes,snomed
724810001,Radiculoplexoneuropathy due to diabetes mellitus (disorder),diabetes,snomed
722161008,Diabetic retinal eye exam (procedure),diabetes,snomed
25412000,Microaneurysm of retinal artery due to diabetes mellitus (disorder),diabetes,snomed
399866003,Venous beading of retina due to diabetes mellitus (disorder),diabetes,snomed
4855003,Retinopathy due to diabetes mellitus (disorder),diabetes,snomed
408384004,Diabetic retinopathy 12 month review (finding),diabetes,snomed
408385003,Diabetic retinopathy 6 month review (finding),diabetes,snomed
721103006,Diabetic retinopathy of eye not detected (situation),diabetes,snomed
775841000000109,Diabetic retinopathy detected by national screening programme (disorder),diabetes,snomed
134395001,Diabetic retinopathy screening (procedure),diabetes,snomed
238984005,Rubeosis faciei due to diabetes mellitus (disorder),diabetes,snomed
237621004,Severe hyperglycemia due to diabetes mellitus (disorder),diabetes,snomed
422183001,Skin ulcer due to diabetes mellitus (disorder),diabetes,snomed
232023006,Traction detachment of retina due to diabetes mellitus (disorder),diabetes,snomed
312910009,Vitreous hemorrhage due to diabetes mellitus (disorder),diabetes,snomed
402864004,Wet gangrene of foot due to diabetes mellitus (disorder),diabetes,snomed
307141000000102,Did not attend dose adjustment for normal eating diabetes structured education programme (finding),diabetes,snomed
307171000000108,Did not attend diabetes education and self management for ongoing and newly diagnosed structured programme (finding),diabetes,snomed
306861000000107,Did not attend diabetes structured education programme (finding),diabetes,snomed
307201000000109,Did not attend expert patient education versus routine treatment diabetes structured education programme (finding),diabetes,snomed
1098011000000102,Did not commence remote structured diabetes education and support programme (situation),diabetes,snomed
306961000000101,Did not complete dose adjustment for normal eating diabetes structured education programme (situation),diabetes,snomed
306991000000107,Did not complete diabetes education and self management for ongoing and newly diagnosed structured programme (situation),diabetes,snomed
306931000000106,Did not complete diabetes structured education programme (situation),diabetes,snomed
307021000000105,Did not complete expert patient education versus routine treatment diabetes structured education programme (situation),diabetes,snomed
314010006,Diffuse exudative maculopathy due to diabetes mellitus (disorder),diabetes,snomed
312906006,Non-high-risk proliferative retinopathy due to diabetes mellitus (disorder),diabetes,snomed
770096002,Erectile dysfunction due to diabetes mellitus (disorder),diabetes,snomed
716031000000106,Excepted from diabetes quality indicators - informed dissent (finding),diabetes,snomed
717421000000100,Excepted from diabetes quality indicators - patient unsuitable (finding),diabetes,snomed
374631000000101,Excluded from diabetic retinopathy screening as deceased (finding),diabetes,snomed
306531000000104,Expert patient education versus routine treatment diabetes structured education programme completed (situation),diabetes,snomed
314011005,Focal exudative maculopathy due to diabetes mellitus (disorder),diabetes,snomed
170757007,Fundoscopy - diabetic check (regime/therapy),diabetes,snomed
713704004,Gastroparesis due to diabetes mellitus (disorder),diabetes,snomed
312907002,High risk proliferative retinopathy due to diabetes mellitus (disorder),diabetes,snomed
441656006,Hyperglycemic crisis due to diabetes mellitus (disorder),diabetes,snomed
735537007,Hyperosmolar hyperglycemic coma due to diabetes mellitus without ketoacidosis (disorder),diabetes,snomed
367261000119100,Hyperosmolarity due to drug induced diabetes mellitus (disorder),diabetes,snomed
237633009,Hypoglycemia due to diabetes mellitus (disorder),diabetes,snomed
237632004,Hypoglycemic event due to diabetes (disorder),diabetes,snomed
373041000000101,Impaired vision due to diabetic retinopathy (finding),diabetes,snomed
419100001,Infection of foot due to diabetes mellitus (disorder),diabetes,snomed
237618001,Insulin-dependent diabetes mellitus secretory diarrhea syndrome (disorder),diabetes,snomed
314014002,Ischemic maculopathy due to diabetes mellitus (disorder),diabetes,snomed
201250006,Ischemic ulcer of foot due to diabetes mellitus (disorder),diabetes,snomed
1102351000000105,Ketosis-prone diabetes mellitus (disorder),diabetes,snomed
890171006,Ketosis-prone diabetes mellitus (disorder),diabetes,snomed
197605007,Nephrotic syndrome due to diabetes mellitus (disorder),diabetes,snomed
923461000000103,Lifestyle education for diabetes (procedure),diabetes,snomed
170766006,Loss of hypoglycemic warning due to diabetes mellitus (disorder),diabetes,snomed
724997001,Lumbosacral plexopathy co-occurrent and due to diabetes mellitus (disorder),diabetes,snomed
445170001,Macroalbuminuric nephropathy due to diabetes mellitus (disorder),diabetes,snomed
236499007,Microalbuminuric nephropathy due to diabetes mellitus (disorder),diabetes,snomed
312903003,Mild nonproliferative retinopathy due to diabetes mellitus (disorder),diabetes,snomed
769184004,Mild nonproliferative retinopathy of left eye due to diabetes mellitus (disorder),diabetes,snomed
769183005,Mild nonproliferative retinopathy of right eye due to diabetes mellitus (disorder),diabetes,snomed
368711000119106,Mild nonproliferative retinopathy due to secondary diabetes mellitus (disorder),diabetes,snomed
314015001,Mixed maculopathy due to diabetes mellitus (disorder),diabetes,snomed
201252003,Mixed diabetic ulcer - foot (disorder),diabetes,snomed
312904009,Moderate nonproliferative retinopathy due to diabetes mellitus (disorder),diabetes,snomed
769186002,Moderate nonproliferative retinopathy of left eye due to diabetes mellitus (disorder),diabetes,snomed
769185003,Moderate nonproliferative retinopathy of right eye due to diabetes mellitus (disorder),diabetes,snomed
267604001,Myasthenic syndrome due to diabetic mellitus (disorder),diabetes,snomed
201251005,Neuropathic ulcer of foot due to diabetes mellitus (disorder),diabetes,snomed
860711003,No disorder of macula of bilateral eyes due to diabetes mellitus (situation),diabetes,snomed
237635002,Nocturnal hypoglycemia due to diabetes mellitus (disorder),diabetes,snomed
399875001,Non-high-risk proliferative retinopathy with clinically significant macular edema due to diabetes mellitus (disorder),diabetes,snomed
399870006,Non-high-risk proliferative retinopathy with no macular edema due to diabetes mellitus (disorder),diabetes,snomed
421966007,Non-ketotic non-hyperosmolar coma due to diabetes mellitus (disorder),diabetes,snomed
816177009,Nonproliferative retinopathy of left eye due to diabetes mellitus (disorder),diabetes,snomed
816178004,Nonproliferative retinopathy of right eye due to diabetes mellitus (disorder),diabetes,snomed
720504004,Not suitable for Diabetes Education and Self Management for Ongoing and Newly Diagnosed program (finding),diabetes,snomed
390855002,On examination - diabetic maculopathy absent both eyes (situation),diabetes,snomed
390854003,On examination - diabetic maculopathy present both eyes (situation),diabetes,snomed
414890007,On examination - left chronic diabetic foot ulcer (finding),diabetes,snomed
394674001,On examination - Left diabetic foot - ulcerated (finding),diabetes,snomed
394676004,On examination - Left diabetic foot at high risk (finding),diabetes,snomed
756381000000100,On examination - Left diabetic foot at increased risk (finding),diabetes,snomed
394675000,On examination - Left diabetic foot at low risk (finding),diabetes,snomed
394681008,On examination - Left diabetic foot at moderate risk (finding),diabetes,snomed
308106006,On examination-Left diabetic foot at risk (finding),diabetes,snomed
408410002,On examination - left eye background diabetic retinopathy (disorder),diabetes,snomed
408412005,On examination - left eye preproliferative diabetic retinopathy (disorder),diabetes,snomed
408414006,On examination - left eye proliferative diabetic retinopathy (disorder),diabetes,snomed
414894003,On examination - left eye stable treated proliferative diabetic retinopathy (disorder),diabetes,snomed
390853009,On examination - no left diabetic retinopathy (situation),diabetes,snomed
390850007,On examination - no right diabetic retinopathy (situation),diabetes,snomed
414906009,On examination - right chronic diabetic foot ulcer (finding),diabetes,snomed
394673007,On examination - Right diabetic foot - ulcerated (finding),diabetes,snomed
394672002,On examination - Right diabetic foot at high risk (finding),diabetes,snomed
756391000000103,On examination - Right diabetic foot at increased risk (finding),diabetes,snomed
394671009,On examination - Right diabetic foot at low risk (finding),diabetes,snomed
394682001,On examination - Right diabetic foot at moderate risk (finding),diabetes,snomed
308105005,On examination-Right diabetic foot at risk (finding),diabetes,snomed
408409007,On examination - right eye background diabetic retinopathy (disorder),diabetes,snomed
408411003,On examination - right eye preproliferative diabetic retinopathy (disorder),diabetes,snomed
408413000,On examination - right eye proliferative diabetic retinopathy (disorder),diabetes,snomed
414910007,On examination - right eye stable treated proliferative diabetic retinopathy (disorder),diabetes,snomed
417677008,On examination - sight threatening diabetic retinopathy (disorder),diabetes,snomed
416672007,Patient offered diabetes structured education program (situation),diabetes,snomed
407569005,Patient on maximal tolerated therapy for diabetes (finding),diabetes,snomed
232021008,Proliferative retinopathy with optic disc neovascularization due to diabetes mellitus (disorder),diabetes,snomed
59276001,Proliferative retinopathy due to diabetes mellitus (disorder),diabetes,snomed
193349004,Preproliferative retinopathy due to diabetes mellitus (disorder),diabetes,snomed
385051000000106,Pre-existing diabetes mellitus (disorder),diabetes,snomed
106281000119103,Pre-existing diabetes mellitus in mother complicating childbirth (disorder),diabetes,snomed
609563008,Pre-existing diabetes mellitus in pregnancy (disorder),diabetes,snomed
199231005,Pre-existing malnutrition-related diabetes mellitus (disorder),diabetes,snomed
769182000,Preproliferative retinopathy of left eye due to diabetes mellitus (disorder),diabetes,snomed
769181007,Preproliferative retinopathy of right eye due to diabetes mellitus (disorder),diabetes,snomed
62260007,Pretibial pigmental patches due to diabetes mellitus (disorder),diabetes,snomed
399862001,High risk proliferative retinopathy without macular edema due to diabetes mellitus (disorder),diabetes,snomed
312908007,Quiescent proliferative retinopathy due to diabetes mellitus (disorder),diabetes,snomed
232022001,Proliferative retinopathy with neovascularization elsewhere than the optic disc due to diabetes mellitus (disorder),diabetes,snomed
1110921000000100,Quality and Outcomes Framework diabetes mellitus quality indicator-related care invitation (procedure),diabetes,snomed
143401000000102,Quality and Outcomes Framework diabetes mellitus quality indicator-related care invitation using preferred method of communication (procedure),diabetes,snomed
39181008,Radiculoplexus neuropathy due to diabetes mellitus (disorder),diabetes,snomed
390890005,Refer to diabetic foot screener (procedure),diabetes,snomed
306701000000102,Referral to dose adjustment for normal eating diabetes structured education programme (procedure),diabetes,snomed
860981000000106,Referral to dose adjustment for normal eating diabetes structured education programme declined (situation),diabetes,snomed
306741000000104,Referral to diabetes education and self management for ongoing and newly diagnosed diabetes structured programme (procedure),diabetes,snomed
781161000000107,Referral to diabetes education and self management for ongoing and newly diagnosed structured programme declined (situation),diabetes,snomed
415270003,Referral to diabetes structured education program (procedure),diabetes,snomed
306771000000105,Referral to expert patient education versus routine treatment diabetes structured education programme (procedure),diabetes,snomed
1108741000000109,Referral to Healthy Living for People with Diabetes online self-management programme (procedure),diabetes,snomed
1108731000000100,Referral to online diabetes structured education programme (procedure),diabetes,snomed
1097131000000105,Remote diabetes structured education and support programme commenced (situation),diabetes,snomed
1097141000000101,Remote diabetes structured education and support programme completed (situation),diabetes,snomed
313340009,Seen in diabetic eye clinic (finding),diabetes,snomed
312905005,Severe nonproliferative retinopathy due to diabetes mellitus (disorder),diabetes,snomed
769188001,Severe nonproliferative retinopathy of left eye due to diabetes mellitus (disorder),diabetes,snomed
769187006,Severe nonproliferative retinopathy of right eye due to diabetes mellitus (disorder),diabetes,snomed
399872003,Severe nonproliferative retinopathy with clinically significant macular edema due to diabetes mellitus (disorder),diabetes,snomed
399873008,Severe nonproliferative retinopathy without macular edema due to diabetes mellitus (disorder),diabetes,snomed
773001000000103,Symptomatic diabetic peripheral neuropathy (disorder),diabetes,snomed
860978005,Ulcer of left foot due to diabetes mellitus (disorder),diabetes,snomed
408394009,Under care of diabetic foot screener (finding),diabetes,snomed
399876000,Very severe nonproliferative retinopathy due to diabetes mellitus (disorder),diabetes,snomed
769190000,Very severe nonproliferative retinopathy of right eye due to diabetes mellitus (disorder),diabetes,snomed
399865004,Very severe proliferative retinopathy due to diabetes mellitus (disorder),diabetes,snomed
399871005,Visually threatening retinopathy due to diabetes mellitus (disorder),diabetes,snomed
104941000119109,Retinal ischemia due to type 1 diabetes mellitus,diabetes,snomed
10754881000119104,Diabetes mellitus in mother complicating childbirth (disorder),diabetes,snomed
110181000119105,Peripheral sensory neuropathy due to type 2 diabetes mellitus,diabetes,snomed
127011001,Diabetic sensory polyneuropathy,diabetes,snomed
1491000119102,Diabetic vitreous haemorrhage associated with type II diabetes mellitus,diabetes,snomed
190369008,Type 1 diabetes mellitus with gangrene,diabetes,snomed
198121000000103,Hypoglycaemic warning impaired (disorder),diabetes,snomed
198131000000101,Hypoglycaemic warning good (disorder),diabetes,snomed
230574001,Diabetic acute painful polyneuropathy,diabetes,snomed
230576004,Diabetic asymmetric polyneuropathy,diabetes,snomed
230579006,Diabetic thoracic radiculopathy,diabetes,snomed
237610008,"Acrorenal field defect, ectodermal dysplasia, and lipoatrophic diabetes (disorder)",diabetes,snomed
237612000,"Photomyoclonus, diabetes mellitus, deafness, nephropathy and cerebral dysfunction (disorder)",diabetes,snomed
237616002,"Hypogonadism, diabetes mellitus, alopecia, mental retardation and electrocardiographic abnormalities (disorder)",diabetes,snomed
237622006,Poor glycemic control (disorder),diabetes,snomed
238981002,Soft tissue complication of diabetes mellitus,diabetes,snomed
238983004,Diabetic thick skin syndrome,diabetes,snomed
267467004,Diabetes mellitus (&amp; [ketoacidosis]) (disorder),diabetes,snomed
267471001,Diabetes + eye manifestation (&amp; [cataract] or [retinopathy]) (disorder),diabetes,snomed
303059007,Postpancreatectomy hypoinsulinemia (disorder),diabetes,snomed
312909004,Proliferative diabetic retinopathy - iris neovascularisation,diabetes,snomed
314537004,Diabetic optic papillopathy,diabetes,snomed
361216007,Diabetic femoral mononeuropathy,diabetes,snomed
398140007,Somogyi phenomenon (disorder),diabetes,snomed
408539000,Insulin autoimmune syndrome (disorder),diabetes,snomed
413184002,Fibrocalculous pancreatopathy without complication (disorder),diabetes,snomed
735538002,Lactic acidosis co-occurrent and due to diabetes mellitus (disorder),diabetes,snomed
761000119102,Diabetic dyslipidemia associated with type 2 diabetes mellitus,diabetes,snomed
769219006,Macular edema due to type 1 diabetes mellitus,diabetes,snomed
81531005,Diabetes mellitus type 2 in obese (disorder),diabetes,snomed
83728000,"Polyglandular autoimmune syndrome, type 2 (disorder)",diabetes,snomed
87451000119102,Heel AND/OR midfoot ulcer due to type 2 diabetes mellitus,diabetes,snomed
894741000000107,Hypoglycaemic warning absent (disorder),diabetes,snomed
792926007,Armanni-Ebstein kidney due to diabetes mellitus (disorder),diabetes,snomed
722206009,Pancreatic hypoplasia diabetes mellitus congenital heart disease syndrome (disorder),diabetes,snomed
I10,Essential (primary) hypertension,hypertension,icd10
I11,Hypertensive heart disease,hypertension,icd10
I12,Hypertensive renal disease,hypertension,icd10
I13,Hypertensive heart and renal disease,hypertension,icd10
I15,Secondary hypertension,hypertension,icd10
I674,Hypertensive encephalopathy,hypertension,icd10
O10,"Pre-existing essential hypertension complicating pregnancy, childbirth and the puerperium",hypertension,icd10
O11,Pre-eclampsia superimposed on chronic hypertension,hypertension,icd10
78975002,Malignant essential hypertension (disorder),hypertension,snomed
89242004,Malignant secondary hypertension (disorder),hypertension,snomed
1201005,Benign essential hypertension (disorder),hypertension,snomed
198942000,Benign essential hypertension complicating pregnancy childbirth and the puerperium (disorder),hypertension,snomed
198944004,Benign essential hypertension complicating pregnancy childbirth and the puerperium - delivered (disorder),hypertension,snomed
198945003,Benign essential hypertension complicating pregnancy childbirth and the puerperium - delivered with postnatal complication (disorder),hypertension,snomed
198946002,Benign essential hypertension complicating pregnancy childbirth and the puerperium - not delivered (disorder),hypertension,snomed
198947006,Benign essential hypertension complicating pregnancy childbirth and the puerperium with postnatal complication (disorder),hypertension,snomed
63287004,Benign essential hypertension in obstetric context (disorder),hypertension,snomed
86041002,Pre-existing hypertension in obstetric context (disorder),hypertension,snomed
10725009,Benign hypertension (disorder),hypertension,snomed
66052004,Benign hypertensive heart AND renal disease (disorder),hypertension,snomed
36221001,Benign hypertensive heart disease (disorder),hypertension,snomed
194767001,Benign hypertensive heart disease with congestive cardiac failure (disorder),hypertension,snomed
77970009,Benign hypertensive heart disease without congestive heart failure (disorder),hypertension,snomed
194785008,Secondary benign hypertension (disorder),hypertension,snomed
38341003,Hypertensive disorder systemic arterial (disorder),hypertension,snomed
275516004,Cardiomegaly due to hypertension (disorder),hypertension,snomed
86234004,Hypertensive heart AND renal disease (disorder),hypertension,snomed
8218002,Chronic hypertension complicating AND/OR reason for care during childbirth (disorder),hypertension,snomed
37618003,Chronic hypertension complicating AND/OR reason for care during pregnancy (disorder),hypertension,snomed
8762007,Chronic hypertension in obstetric context (disorder),hypertension,snomed
117681000119102,Chronic kidney disease stage 1 due to hypertension (disorder),hypertension,snomed
129181000119109,Chronic kidney disease stage 2 due to hypertension (disorder),hypertension,snomed
284991000119104,Chronic kidney disease stage 3 due to benign hypertension (disorder),hypertension,snomed
129171000119106,Chronic kidney disease stage 3 due to hypertension (disorder),hypertension,snomed
129151000119102,Chronic kidney disease stage 4 due to hypertension (disorder),hypertension,snomed
129161000119100,Chronic kidney disease stage 5 due to hypertension (disorder),hypertension,snomed
48146000,Diastolic hypertension (disorder),hypertension,snomed
762463000,Diastolic hypertension co-occurrent with systolic hypertension (disorder),hypertension,snomed
59621000,Essential hypertension (disorder),hypertension,snomed
78808002,Essential hypertension complicating AND/OR reason for care during pregnancy (disorder),hypertension,snomed
72022006,Essential hypertension in obstetric context (disorder),hypertension,snomed
716771000000106,Excepted from hypertension quality indicators - informed dissent (finding),hypertension,snomed
716821000000100,Excepted from hypertension quality indicators - patient unsuitable (finding),hypertension,snomed
194791005,Hypertension caused by drug (disorder),hypertension,snomed
123799005,Renovascular hypertension (disorder),hypertension,snomed
140121000119100,Hypertension in chronic kidney disease stage 3 due to type 2 diabetes mellitus (disorder),hypertension,snomed
169465000,Hypertension caused by oral contraceptive pill (disorder),hypertension,snomed
185719002,Hypertension monitoring first letter (procedure),hypertension,snomed
310427004,Hypertension monitoring invitation (procedure),hypertension,snomed
1083101000000106,Hypertension monitoring invitation email (procedure),hypertension,snomed
1066941000000104,Hypertension monitoring invitation short message service text message (procedure),hypertension,snomed
185720008,Hypertension monitoring second letter (procedure),hypertension,snomed
1066951000000101,Hypertension monitoring short message service text message first invitation (procedure),hypertension,snomed
1066961000000103,Hypertension monitoring short message service text message second invitation (procedure),hypertension,snomed
1066971000000105,Hypertension monitoring short message service text message third invitation (procedure),hypertension,snomed
185723005,Hypertension monitoring telephone invite (procedure),hypertension,snomed
185721007,Hypertension monitoring third letter (procedure),hypertension,snomed
185722000,Hypertension monitoring verbal invite (procedure),hypertension,snomed
845891000000103,Hypertension resistant to drug therapy (disorder),hypertension,snomed
162659009,Hypertension resolved (finding),hypertension,snomed
194788005,Hypertension secondary to endocrine disorder (disorder),hypertension,snomed
31992008,Secondary hypertension (disorder),hypertension,snomed
401047000,Hypertension treatment declined (situation),hypertension,snomed
397748008,Hypertension with albuminuria (disorder),hypertension,snomed
64715009,Hypertensive heart disease (disorder),hypertension,snomed
706882009,Hypertensive crisis (disorder),hypertension,snomed
132721000119104,Hypertensive emergency (disorder),hypertension,snomed
96751000119106,Hypertensive heart AND chronic kidney disease stage 1 (disorder),hypertension,snomed
96741000119109,Hypertensive heart AND chronic kidney disease stage 2 (disorder),hypertension,snomed
96731000119100,Hypertensive heart AND chronic kidney disease stage 3 (disorder),hypertension,snomed
96721000119103,Hypertensive heart AND chronic kidney disease stage 4 (disorder),hypertension,snomed
194779001,Hypertensive heart and renal disease with (congestive) heart failure (disorder),hypertension,snomed
194781004,Hypertensive heart and renal disease with both (congestive) heart failure and renal failure (disorder),hypertension,snomed
194780003,Hypertensive heart and renal disease with renal failure (disorder),hypertension,snomed
60899001,Hypertensive heart disease without congestive heart failure (disorder),hypertension,snomed
46113002,Hypertensive heart failure (disorder),hypertension,snomed
443482000,Hypertensive urgency (disorder),hypertension,snomed
65518004,Labile diastolic hypertension (disorder),hypertension,snomed
371125006,Labile essential hypertension (disorder),hypertension,snomed
16229371000119106,Labile systemic arterial hypertension (disorder),hypertension,snomed
443402002,Lifestyle education regarding hypertension (procedure),hypertension,snomed
46481004,Low-renin essential hypertension (disorder),hypertension,snomed
70272006,Malignant hypertension (disorder),hypertension,snomed
66610008,Malignant hypertensive heart AND renal disease (disorder),hypertension,snomed
54225002,Malignant hypertensive heart disease (disorder),hypertension,snomed
83105008,Malignant hypertensive heart disease with congestive heart failure (disorder),hypertension,snomed
36315003,Malignant hypertensive heart disease without congestive heart failure (disorder),hypertension,snomed
1078301000112109,Multiple drug intolerant hypertension (disorder),hypertension,snomed
863191000000102,Nocturnal hypertension (disorder),hypertension,snomed
57684003,Parenchymal renal hypertension (disorder),hypertension,snomed
407567007,Patient on maximal tolerated antihypertensive therapy (finding),hypertension,snomed
40511000119107,Postpartum pre-existing essential hypertension (disorder),hypertension,snomed
67359005,Pre-eclampsia added to pre-existing hypertension (disorder),hypertension,snomed
198997005,Pre-eclampsia or eclampsia with pre-existing hypertension (disorder),hypertension,snomed
198999008,Pre-eclampsia or eclampsia with pre-existing hypertension - delivered (disorder),hypertension,snomed
199000005,Pre-eclampsia or eclampsia with pre-existing hypertension - delivered with postnatal complication (disorder),hypertension,snomed
199002002,Pre-eclampsia or eclampsia with pre-existing hypertension - not delivered (disorder),hypertension,snomed
199003007,Pre-eclampsia or eclampsia with pre-existing hypertension with postnatal complication (disorder),hypertension,snomed
65402008,Pre-existing hypertension complicating AND/OR reason for care during pregnancy (disorder),hypertension,snomed
199005000,Pre-existing hypertension complicating pregnancy childbirth and puerperium (disorder),hypertension,snomed
199007008,Pre-existing hypertensive heart and renal disease complicating pregnancy childbirth and the puerperium (disorder),hypertension,snomed
199006004,Pre-existing hypertensive heart disease complicating pregnancy childbirth and the puerperium (disorder),hypertension,snomed
199008003,Pre-existing secondary hypertension complicating pregnancy childbirth and puerperium (disorder),hypertension,snomed
1110941000000107,Quality and Outcomes Framework hypertension quality indicator-related care invitation (procedure),hypertension,snomed
143421000000106,Quality and Outcomes Framework hypertension quality indicator-related care invitation using preferred method of communication (procedure),hypertension,snomed
39018007,Renal arterial hypertension (disorder),hypertension,snomed
28119000,Renal hypertension (disorder),hypertension,snomed
198949009,Renal hypertension complicating pregnancy childbirth and the puerperium (disorder),hypertension,snomed
198951008,Renal hypertension complicating pregnancy childbirth and the puerperium - delivered (disorder),hypertension,snomed
198952001,Renal hypertension complicating pregnancy childbirth and the puerperium - delivered with postnatal complication (disorder),hypertension,snomed
198953006,Renal hypertension complicating pregnancy childbirth and the puerperium - not delivered (disorder),hypertension,snomed
198954000,Renal hypertension complicating pregnancy childbirth and the puerperium with postnatal complication (disorder),hypertension,snomed
14973001,Renal sclerosis with hypertension (disorder),hypertension,snomed
73410007,Benign secondary renovascular hypertension (disorder),hypertension,snomed
74451002,Secondary diastolic hypertension (disorder),hypertension,snomed
194783001,Secondary malignant renovascular hypertension (disorder),hypertension,snomed
843841000000109,Severe hypertension (National Institute for Health and Clinical Excellence 2011) (disorder),hypertension,snomed
843821000000102,Stage 1 hypertension (National Institute for Health and Clinical Excellence 2011) (disorder),hypertension,snomed
908651000000101,Stage 1 hypertension (National Institute for Health and Clinical Excellence 2011) with evidence of end organ damage (disorder),hypertension,snomed
908631000000108,Stage 1 hypertension (National Institute for Health and Clinical Excellence 2011) without evidence of end organ damage (disorder),hypertension,snomed
846371000000103,Stage 2 hypertension (National Institute for Health and Clinical Excellence 2011) (disorder),hypertension,snomed
712832005,Supine hypertension (disorder),hypertension,snomed
59720008,Sustained diastolic hypertension (disorder),hypertension,snomed
429457004,Systolic essential hypertension (disorder),hypertension,snomed
56218007,Systolic hypertension (disorder),hypertension,snomed
428163005,Hypertensive left ventricular hypertrophy (disorder),hypertension,snomed
471521000000108,[X]Hypertensive diseases (disorder),hypertension,snomed
5148006,Hypertensive heart disease with congestive heart failure,hypertension,snomed
1092481000000104,Number of calculated smoking pack years (observable entity),smoking_unsp,snomed
782516008,Number of calculated pack years for cumulative lifetime tobacco exposure (observable entity),smoking_unsp,snomed
I21,Subsequent myocardial infarction,MI,icd10
I22,Subsequent myocardial infarction,MI,icd10
I23,Certain current complications following acute myocardial infarction,MI,icd10
I241,Dressler syndrome,MI,icd10
I252,Old myocardial infarction,MI,icd10
703164000,Acute ST segment elevation myocardial infarction of anterior wall (disorder),MI,snomed
703213009,Acute ST segment elevation myocardial infarction of inferior wall (disorder),MI,snomed
233829003,Acute Q wave infarction - inferior (disorder),MI,snomed
233831007,Acute Q wave infarction - inferolateral (disorder),MI,snomed
304914007,Acute Q wave myocardial infarction (disorder),MI,snomed
401303003,Acute ST segment elevation myocardial infarction (disorder),MI,snomed
840316004,Acute ST segment elevation myocardial infarction due to occlusion of distal portion of anterior descending branch of left coronary artery (disorder),MI,snomed
840312002,Acute ST segment elevation myocardial infarction due to occlusion of mid portion of anterior descending branch of left coronary artery (disorder),MI,snomed
840609007,Acute ST segment elevation myocardial infarction due to occlusion of anterior descending branch of left coronary artery (disorder),MI,snomed
896691006,Acute ST segment elevation myocardial infarction due to occlusion of circumflex branch of left coronary artery (disorder),MI,snomed
846683001,Acute ST segment elevation myocardial infarction due to occlusion of intermediate artery (disorder),MI,snomed
868225002,Acute ST segment elevation myocardial infarction due to occlusion of posterior descending branch of right coronary artery (disorder),MI,snomed
868226001,Acute ST segment elevation myocardial infarction due to occlusion of posterior lateral branch of right coronary artery (disorder),MI,snomed
840680009,Acute ST segment elevation myocardial infarction due to occlusion of septal branch of anterior descending branch of left coronary artery (disorder),MI,snomed
840309000,Acute ST segment elevation myocardial infarction due to occlusion of proximal portion of anterior descending branch of left coronary artery (disorder),MI,snomed
15713121000119105,Acute ST segment elevation myocardial infarction due to right coronary artery occlusion (disorder),MI,snomed
285981000119103,Acute ST segment elevation myocardial infarction involving left anterior descending coronary artery (disorder),MI,snomed
703165004,Acute ST segment elevation myocardial infarction of anterior wall involving right ventricle (disorder),MI,snomed
15712881000119105,Acute ST segment elevation myocardial infarction of anterolateral wall (disorder),MI,snomed
15712961000119108,Acute ST segment elevation myocardial infarction of anteroseptal wall (disorder),MI,snomed
896696001,Acute ST segment elevation myocardial infarction of apex of heart (disorder),MI,snomed
703253007,Acute ST segment elevation myocardial infarction of inferior wall involving right ventricle (disorder),MI,snomed
12238111000119106,Acute ST segment elevation myocardial infarction of inferolateral wall (disorder),MI,snomed
12238151000119107,Acute ST segment elevation myocardial infarction of inferoposterior wall (disorder),MI,snomed
15712921000119103,Acute ST segment elevation myocardial infarction of lateral wall (disorder),MI,snomed
15713041000119103,Acute ST segment elevation myocardial infarction of posterior wall (disorder),MI,snomed
868224003,Acute ST segment elevation myocardial infarction due to occlusion of marginal branch of right coronary artery (disorder),MI,snomed
868217004,Acute ST segment elevation myocardial infarction due to occlusion of distal portion of right coronary artery (disorder),MI,snomed
868220007,Acute ST segment elevation myocardial infarction due to occlusion of mid portion of right coronary artery (disorder),MI,snomed
1089471000000109,Acute transmural myocardial infarction (disorder),MI,snomed
57054005,Acute myocardial infarction (disorder),MI,snomed
285721000119104,History of acute ST segment elevation myocardial infarction (situation),MI,snomed
311792005,Postoperative transmural myocardial infarction of anterior wall (disorder),MI,snomed
311793000,Postoperative transmural myocardial infarction of inferior wall (disorder),MI,snomed
129574000,Postoperative myocardial infarction (disorder),MI,snomed
703211006,Subsequent ST segment elevation myocardial infarction (disorder),MI,snomed
703210007,Subsequent ST segment elevation myocardial infarction of anterior wall (disorder),MI,snomed
703209002,Subsequent ST segment elevation myocardial infarction of inferior wall (disorder),MI,snomed
307140009,Acute non-Q wave infarction (disorder),MI,snomed
233828006,Acute non-Q wave infarction - anterolateral (disorder),MI,snomed
401314000,Acute non-ST segment elevation myocardial infarction (disorder),MI,snomed
70422006,Acute subendocardial infarction (disorder),MI,snomed
698593009,History of non-ST segment elevation myocardial infarction (situation),MI,snomed
42531007,Microinfarct of heart (disorder),MI,snomed
314207007,Non-Q wave myocardial infarction (disorder),MI,snomed
311796008,Postoperative subendocardial myocardial infarction (disorder),MI,snomed
703360004,Subsequent non-ST segment elevation myocardial infarction (disorder),MI,snomed
54329005,Acute myocardial infarction of anterior wall (disorder),MI,snomed
52035003,Acute anteroapical myocardial infarction (disorder),MI,snomed
70211005,Acute myocardial infarction of anterolateral wall (disorder),MI,snomed
62695002,Acute anteroseptal myocardial infarction (disorder),MI,snomed
836294006,Acute myocardial infarction of apex of heart (disorder),MI,snomed
194809007,Acute atrial infarction (disorder),MI,snomed
73795002,Acute myocardial infarction of inferior wall (disorder),MI,snomed
65547006,Acute myocardial infarction of inferolateral wall (disorder),MI,snomed
76593002,Acute myocardial infarction of inferoposterior wall (disorder),MI,snomed
58612006,Acute myocardial infarction of lateral wall (disorder),MI,snomed
896689003,Acute myocardial infarction due to occlusion of circumflex branch of left coronary artery (disorder),MI,snomed
23311000119105,Acute myocardial infarction due to right coronary artery occlusion (disorder),MI,snomed
703212004,Acute myocardial infarction during procedure (disorder),MI,snomed
59063002,Acute myocardial infarction of apical-lateral wall (disorder),MI,snomed
64627002,Acute myocardial infarction of high lateral wall (disorder),MI,snomed
836295007,Acute myocardial infarction of inferolateral wall with posterior extension (disorder),MI,snomed
15990001,Acute myocardial infarction of posterolateral wall (disorder),MI,snomed
836293000,Acute myocardial infarction of right ventricle (disorder),MI,snomed
413444003,Acute myocardial ischemia (disorder),MI,snomed
10273003,Acute infarction of papillary muscle (disorder),MI,snomed
233838001,Acute posterior myocardial infarction (disorder),MI,snomed
79009004,Acute myocardial infarction of septum (disorder),MI,snomed
723860000,Arrhythmia due to and following acute myocardial infarction (disorder),MI,snomed
194863005,Atrial septal defect due to and following acute myocardial infarction (disorder),MI,snomed
22298006,Myocardial infarction (disorder),MI,snomed
233847009,Cardiac rupture due to and following acute myocardial infarction (disorder),MI,snomed
103011000119106,Coronary arteriosclerosis in patient with history of previous myocardial infarction (situation),MI,snomed
827164008,Delayed postmyocardial infarction pericarditis (disorder),MI,snomed
315287002,Diabetes mellitus insulin-glucose infusion in acute myocardial infarction (procedure),MI,snomed
66189004,Postmyocardial infarction syndrome (disorder),MI,snomed
394710008,First myocardial infarction (disorder),MI,snomed
161503005,History of myocardial infarct at age greater than sixty (situation),MI,snomed
161502000,History of myocardial infarct at age less than sixty (situation),MI,snomed
308065005,History of myocardial infarction in last year (situation),MI,snomed
194862000,Hemopericardium due to and following acute myocardial infarction (disorder),MI,snomed
1755008,Old myocardial infarction (disorder),MI,snomed
399211009,History of myocardial infarction (situation),MI,snomed
776219771000119107,History of myocardial infarction due to demand ischemia (situation),MI,snomed
194821006,Coronary thrombosis not resulting in myocardial infarction (disorder),MI,snomed
233843008,Silent myocardial infarction (disorder),MI,snomed
879955009,Myocardial infarction with non-obstructive coronary artery (disorder),MI,snomed
703326006,Mitral valve regurgitation due to and following acute myocardial infarction (disorder),MI,snomed
703328007,Mitral valve regurgitation due to acute myocardial infarction without papillary muscle and chordal rupture (disorder),MI,snomed
428196007,Mixed myocardial ischemia and infarction (disorder),MI,snomed
15960981000119105,Mural thrombus of left ventricle following acute myocardial infarction (disorder),MI,snomed
736978009,Mural thrombus of right ventricle following acute myocardial infarction (disorder),MI,snomed
726499301000119105,Myocardial infarction due to atherothrombotic coronary artery disease (disorder),MI,snomed
16837681000119104,Myocardial infarction due to demand ischemia (disorder),MI,snomed
371068009,Myocardial infarction with complication (disorder),MI,snomed
233839009,Old anterior myocardial infarction (disorder),MI,snomed
233840006,Old inferior myocardial infarction (disorder),MI,snomed
233841005,Old lateral myocardial infarction (disorder),MI,snomed
233842003,Old posterior myocardial infarction (disorder),MI,snomed
32574007,Past myocardial infarction diagnosed on electrocardiogram AND/OR other special investigation but currently presenting no symptoms (disorder),MI,snomed
314116003,Post infarct angina (disorder),MI,snomed
233885007,Post-infarction pericarditis (disorder),MI,snomed
233846000,Post-infarction ventricular septal defect (disorder),MI,snomed
723859005,Pulmonary embolism due to and following acute myocardial infarction (disorder),MI,snomed
428752002,Recent myocardial infarction (situation),MI,snomed
194856005,Subsequent myocardial infarction (disorder),MI,snomed
194865003,Rupture of cardiac wall without hemopericardium as current complication following acute myocardial infarction (disorder),MI,snomed
194866002,Rupture of chordae tendinae due to and following acute myocardial infarction (disorder),MI,snomed
194867006,Rupture of papillary muscle as current complication following acute myocardial infarction (disorder),MI,snomed
30277009,Rupture of ventricle due to acute myocardial infarction (disorder),MI,snomed
1077002,Septal infarction by electrocardiogram (finding),MI,snomed
194857001,Subsequent myocardial infarction of anterior wall (disorder),MI,snomed
194858006,Subsequent myocardial infarction of inferior wall (disorder),MI,snomed
194868001,Thrombosis of atrium auricular appendage and ventricle due to and following acute myocardial infarction (disorder),MI,snomed
194802003,True posterior myocardial infarction (disorder),MI,snomed
723858002,Ventricular aneurysm due to and following acute myocardial infarction (disorder),MI,snomed
233825009,Acute Q wave infarction - anteroseptal (disorder),MI,snomed
233826005,Acute non-Q wave infarction - anteroseptal (disorder),MI,snomed
233827001,Acute Q wave infarction - anterolateral (disorder),MI,snomed
233830008,Acute non-Q wave infarction - inferior (disorder),MI,snomed
233832000,Acute non-Q wave infarction - inferolateral (disorder),MI,snomed
233833005,Acute Q wave infarction - lateral (disorder),MI,snomed
233834004,Acute non-Q wave infarction - lateral (disorder),MI,snomed
233835003,Acute widespread myocardial infarction (disorder),MI,snomed
285991000119100,Acute ST segment elevation myocardial infarction involving left main coronary artery (disorder),MI,snomed
E10,Type 1 diabetes mellitus,diabetes_no_qof,icd10
O240,Pre-existing type 1 diabetes mellitus,diabetes_no_qof,icd10
E11,Type 2 diabetes mellitus,diabetes_no_qof,icd10
O241,Pre-existing type 2 diabetes mellitus,diabetes_no_qof,icd10
E12,Malnutrition-related diabetes mellitus,diabetes_no_qof,icd10
E13,Other specified diabetes mellitus ,diabetes_no_qof,icd10
E14,Unspecified diabetes mellitus,diabetes_no_qof,icd10
G590,Diabetic mononeuropathy,diabetes_no_qof,icd10
G632,Diabetic polyneuropathy,diabetes_no_qof,icd10
H280,Diabetic cataract,diabetes_no_qof,icd10
H360,Diabetic retinopathy,diabetes_no_qof,icd10
M142,Diabetic arthropathy,diabetes_no_qof,icd10
N083,Glomerular disorders in diabetes mellitus,diabetes_no_qof,icd10
O242,Pre-existing malnutrition-related diabetes mellitus,diabetes_no_qof,icd10
O243,"Pre-existing diabetes mellitus, unspecified",diabetes_no_qof,icd10
290002008,Brittle type 1 diabetes mellitus (disorder),diabetes_no_qof,snomed
421920002,Cataract of eye due to diabetes mellitus type 1 (disorder),diabetes_no_qof,snomed
90721000119101,Chronic kidney disease stage 1 due to type 1 diabetes mellitus (disorder),diabetes_no_qof,snomed
90731000119103,Chronic kidney disease stage 2 due to type 1 diabetes mellitus (disorder),diabetes_no_qof,snomed
90741000119107,Chronic kidney disease stage 3 due to type 1 diabetes mellitus (disorder),diabetes_no_qof,snomed
90761000119106,Chronic kidney disease stage 5 due to type 1 diabetes mellitus (disorder),diabetes_no_qof,snomed
46635009,Diabetes mellitus type 1 (disorder),diabetes_no_qof,snomed
31321000119102,Diabetes mellitus type 1 without retinopathy (disorder),diabetes_no_qof,snomed
279291000000109,Diabetes type 1 review (regime/therapy),diabetes_no_qof,snomed
420270002,Ketoacidosis due to type 1 diabetes mellitus (disorder),diabetes_no_qof,snomed
739681000,Disorder of eye due to type 1 diabetes mellitus (disorder),diabetes_no_qof,snomed
420868002,Disorder due to type 1 diabetes mellitus (disorder),diabetes_no_qof,snomed
421468001,Disorder of nervous system due to type 1 diabetes mellitus (disorder),diabetes_no_qof,snomed
1067201000000106,Eating disorder co-occurrent with diabetes mellitus type 1 (disorder),diabetes_no_qof,snomed
420486006,Exudative maculopathy due to type 1 diabetes mellitus (disorder),diabetes_no_qof,snomed
420825003,Gangrene due to type 1 diabetes mellitus (disorder),diabetes_no_qof,snomed
713702000,Gastroparesis due to type 1 diabetes mellitus (disorder),diabetes_no_qof,snomed
472970003,History of diabetes mellitus type 1 (situation),diabetes_no_qof,snomed
87481000119109,Heel AND/OR midfoot ulcer due to type 1 diabetes mellitus (disorder),diabetes_no_qof,snomed
367991000119101,Hyperglycemia due to type 1 diabetes mellitus (disorder),diabetes_no_qof,snomed
137941000119106,Hyperlipidemia due to type 1 diabetes mellitus (disorder),diabetes_no_qof,snomed
421437000,Hypoglycemic coma due to type 1 diabetes mellitus (disorder),diabetes_no_qof,snomed
23045005,Insulin dependent diabetes mellitus type IA (disorder),diabetes_no_qof,snomed
128531006,Islet cell transplant (procedure),diabetes_no_qof,snomed
421075007,Ketoacidotic coma due to type 1 diabetes mellitus (disorder),diabetes_no_qof,snomed
80660001,Mauriac's syndrome (disorder),diabetes_no_qof,snomed
18521000119106,Microalbuminuria due to type 1 diabetes mellitus (disorder),diabetes_no_qof,snomed
1571000119104,Mixed hyperlipidemia due to type 1 diabetes mellitus (disorder),diabetes_no_qof,snomed
420918009,Mononeuropathy due to type 1 diabetes mellitus (disorder),diabetes_no_qof,snomed
422228004,Multiple complications due to type 1 diabetes mellitus (disorder),diabetes_no_qof,snomed
870528001,Newly diagnosed type 1 diabetes mellitus (disorder),diabetes_no_qof,snomed
62438007,Transplantation of pancreas (procedure),diabetes_no_qof,snomed
31211000119101,Peripheral angiopathy due to type 1 diabetes mellitus (disorder),diabetes_no_qof,snomed
71791000119104,Peripheral neuropathy due to type 1 diabetes mellitus (disorder),diabetes_no_qof,snomed
421305000,Persistent microalbuminuria due to type 1 diabetes mellitus (disorder),diabetes_no_qof,snomed
420514000,Persistent proteinuria due to type 1 diabetes mellitus (disorder),diabetes_no_qof,snomed
713705003,Polyneuropathy due to type 1 diabetes mellitus (disorder),diabetes_no_qof,snomed
199223000,Diabetes mellitus during pregnancy childbirth and the puerperium (disorder),diabetes_no_qof,snomed
243421000119104,Proteinuria due to type 1 diabetes mellitus (disorder),diabetes_no_qof,snomed
754461000000105,Referral to type I diabetes structured education programme (procedure),diabetes_no_qof,snomed
421893009,Renal disorder due to type 1 diabetes mellitus (disorder),diabetes_no_qof,snomed
174694002,Renewal of transplanted pancreatic tissue (procedure),diabetes_no_qof,snomed
420789003,Retinopathy due to type 1 diabetes mellitus (disorder),diabetes_no_qof,snomed
82581000119105,Rubeosis iridis due to type 1 diabetes mellitus (disorder),diabetes_no_qof,snomed
174691005,Transplantation of pancreas and duodenum (procedure),diabetes_no_qof,snomed
174693008,Transplantation of tail of pancreas (procedure),diabetes_no_qof,snomed
174692003,Whole organ pancreatic transplant (procedure),diabetes_no_qof,snomed
444073006,Uncontrolled type 1 diabetes mellitus (disorder),diabetes_no_qof,snomed
703137001,Type I diabetes mellitus in remission (disorder),diabetes_no_qof,snomed
190372001,Type I diabetes mellitus maturity onset (disorder),diabetes_no_qof,snomed
314893005,Arthropathy due to type 1 diabetes mellitus (disorder),diabetes_no_qof,snomed
314771006,Type I diabetes mellitus with hypoglycemic coma (disorder),diabetes_no_qof,snomed
71771000119100,Neuropathic arthropathy due to type 1 diabetes mellitus (disorder),diabetes_no_qof,snomed
401110002,Type 1 diabetes mellitus with persistent microalbuminuria (disorder),diabetes_no_qof,snomed
190368000,Type I diabetes mellitus with ulcer (disorder),diabetes_no_qof,snomed
313435000,Type I diabetes mellitus without complication (disorder),diabetes_no_qof,snomed
754101000000103,Type I diabetic dietary review (regime/therapy),diabetes_no_qof,snomed
791000119109,Angina due to type 2 diabetes mellitus (disorder),diabetes_no_qof,snomed
16747661000119109,Nonproliferative retinopathy of bilateral eyes due to diabetes mellitus type 2 (disorder),diabetes_no_qof,snomed
445353002,Brittle type 2 diabetes mellitus (disorder),diabetes_no_qof,snomed
420756003,Cataract of eye due to diabetes mellitus type 2 (disorder),diabetes_no_qof,snomed
751000119104,Chronic kidney disease stage 1 due to type 2 diabetes mellitus (disorder),diabetes_no_qof,snomed
741000119101,Chronic kidney disease stage 2 due to type 2 diabetes mellitus (disorder),diabetes_no_qof,snomed
731000119105,Chronic kidney disease stage 3 due to type 2 diabetes mellitus (disorder),diabetes_no_qof,snomed
721000119107,Chronic kidney disease stage 4 due to type 2 diabetes mellitus (disorder),diabetes_no_qof,snomed
711000119100,Chronic kidney disease stage 5 due to type 2 diabetes mellitus (disorder),diabetes_no_qof,snomed
16891151000119103,Coronary artery disease due to type 2 diabetes mellitus (disorder),diabetes_no_qof,snomed
44054006,Diabetes mellitus type 2 (disorder),diabetes_no_qof,snomed
1481000119100,Diabetes mellitus type 2 without retinopathy (disorder),diabetes_no_qof,snomed
237599002,Insulin treated type 2 diabetes mellitus (disorder),diabetes_no_qof,snomed
279321000000104,Diabetes type 2 review (regime/therapy),diabetes_no_qof,snomed
10660471000119109,Ulcer of left foot due to type 2 diabetes mellitus (disorder),diabetes_no_qof,snomed
420279001,Renal disorder due to type 2 diabetes mellitus (disorder),diabetes_no_qof,snomed
421326000,Disorder of nervous system due to type 2 diabetes mellitus (disorder),diabetes_no_qof,snomed
422034002,Retinopathy due to type 2 diabetes mellitus (disorder),diabetes_no_qof,snomed
1511000119107,Peripheral neuropathy due to type 2 diabetes mellitus (disorder),diabetes_no_qof,snomed
422014003,Disorder due to type 2 diabetes mellitus (disorder),diabetes_no_qof,snomed
422099009,Disorder of eye due to type 2 diabetes mellitus (disorder),diabetes_no_qof,snomed
111231000119109,Dyslipidemia with high density lipoprotein below reference range and triglyceride above reference range due to type 2 diabetes mellitus (disorder),diabetes_no_qof,snomed
421779007,Exudative maculopathy due to type 2 diabetes mellitus (disorder),diabetes_no_qof,snomed
1521000119100,Ulcer of foot due to type 2 diabetes mellitus (disorder),diabetes_no_qof,snomed
87461000119100,Ulcer of forefoot due to type 2 diabetes mellitus (disorder),diabetes_no_qof,snomed
421631007,Gangrene due to type 2 diabetes mellitus (disorder),diabetes_no_qof,snomed
713703005,Gastroparesis due to type 2 diabetes mellitus (disorder),diabetes_no_qof,snomed
472969004,History of diabetes mellitus type 2 (situation),diabetes_no_qof,snomed
137931000119102,Hyperlipidemia due to type 2 diabetes mellitus (disorder),diabetes_no_qof,snomed
395204000,Hyperosmolar non-ketotic state due to type 2 diabetes mellitus (disorder),diabetes_no_qof,snomed
140121000119100,Hypertension in chronic kidney disease stage 3 due to type 2 diabetes mellitus (disorder),diabetes_no_qof,snomed
120731000119103,Hypoglycemia due to type 2 diabetes mellitus (disorder),diabetes_no_qof,snomed
719216001,Hypoglycemic coma due to type 2 diabetes mellitus (disorder),diabetes_no_qof,snomed
140521000119107,Ischemic ulcer of foot due to type 2 diabetes mellitus (disorder),diabetes_no_qof,snomed
421750000,Ketoacidosis due to type 2 diabetes mellitus (disorder),diabetes_no_qof,snomed
421847006,Ketoacidotic coma due to type 2 diabetes mellitus (disorder),diabetes_no_qof,snomed
110171000119107,Ulcer of lower limb due to type 2 diabetes mellitus (disorder),diabetes_no_qof,snomed
90781000119102,Microalbuminuria due to type 2 diabetes mellitus (disorder),diabetes_no_qof,snomed
701000119103,Mixed hyperlipidemia due to type 2 diabetes mellitus (disorder),diabetes_no_qof,snomed
420436000,Mononeuropathy due to type 2 diabetes mellitus (disorder),diabetes_no_qof,snomed
190388001,Multiple complications due to type 2 diabetes mellitus (disorder),diabetes_no_qof,snomed
781000119106,Neuropathic arthropathy due to type 2 diabetes mellitus (disorder),diabetes_no_qof,snomed
140381000119104,Neuropathic ulcer of toe due to type 2 diabetes mellitus (disorder),diabetes_no_qof,snomed
368581000119106,Neuropathy due to type 2 diabetes mellitus (disorder),diabetes_no_qof,snomed
422166005,Peripheral circulatory disorder due to type 2 diabetes mellitus (disorder),diabetes_no_qof,snomed
420715001,Persistent microalbuminuria due to type 2 diabetes mellitus (disorder),diabetes_no_qof,snomed
421986006,Persistent proteinuria due to type 2 diabetes mellitus (disorder),diabetes_no_qof,snomed
713706002,Polyneuropathy due to type 2 diabetes mellitus (disorder),diabetes_no_qof,snomed
199230006,Pre-existing type 2 diabetes mellitus (disorder),diabetes_no_qof,snomed
237627000,Pregnancy and type 2 diabetes mellitus (disorder),diabetes_no_qof,snomed
1501000119109,Proliferative retinopathy due to type 2 diabetes mellitus (disorder),diabetes_no_qof,snomed
157141000119108,Proteinuria due to type 2 diabetes mellitus (disorder),diabetes_no_qof,snomed
443694000,Uncontrolled type 2 diabetes mellitus (disorder),diabetes_no_qof,snomed
703138006,Type II diabetes mellitus in remission (disorder),diabetes_no_qof,snomed
444110003,Well controlled type 2 diabetes mellitus (disorder),diabetes_no_qof,snomed
314903002,Arthropathy due to type 2 diabetes mellitus (disorder),diabetes_no_qof,snomed
190331003,Hyperosmolar coma due to type 2 diabetes mellitus (disorder),diabetes_no_qof,snomed
314904008,Type II diabetes mellitus with neuropathic arthropathy (disorder),diabetes_no_qof,snomed
314902007,Peripheral angiopathy due to type 2 diabetes mellitus (disorder),diabetes_no_qof,snomed
190389009,Type II diabetes mellitus with ulcer (disorder),diabetes_no_qof,snomed
313436004,Type II diabetes mellitus without complication (disorder),diabetes_no_qof,snomed
754121000000107,Type II diabetic dietary review (regime/therapy),diabetes_no_qof,snomed
24481000000101,Type 2 diabetic on diet only (finding),diabetes_no_qof,snomed
24471000000103,Type 2 diabetic on insulin (finding),diabetes_no_qof,snomed
140391000119101,Ulcer of toe due to type 2 diabetes mellitus (disorder),diabetes_no_qof,snomed
530558861000132104,Atypical diabetes mellitus (disorder),diabetes_no_qof,snomed
368461000119103,Chronic kidney disease stage 5 due to drug induced diabetes mellitus (disorder),diabetes_no_qof,snomed
284449005,Congenital total lipodystrophy (disorder),diabetes_no_qof,snomed
721088003,Developmental delay epilepsy neonatal diabetes syndrome (disorder),diabetes_no_qof,snomed
70694009,Wolfram syndrome (disorder),diabetes_no_qof,snomed
426705001,Diabetes mellitus co-occurrent and due to cystic fibrosis (disorder),diabetes_no_qof,snomed
5969009,Diabetes mellitus associated with genetic syndrome (disorder),diabetes_no_qof,snomed
59079001,Diabetes mellitus associated with hormonal etiology (disorder),diabetes_no_qof,snomed
51002006,Diabetes mellitus associated with pancreatic disease (disorder),diabetes_no_qof,snomed
237604008,Maturity onset diabetes of the young type 2 (disorder),diabetes_no_qof,snomed
737212004,Diabetes mellitus caused by chemical (disorder),diabetes_no_qof,snomed
427089005,Diabetes mellitus due to cystic fibrosis (disorder),diabetes_no_qof,snomed
75682002,Diabetes mellitus caused by insulin receptor antibodies (disorder),diabetes_no_qof,snomed
408540003,Diabetes mellitus caused by non-steroid drugs (disorder),diabetes_no_qof,snomed
413183008,Diabetes mellitus caused by non-steroid drugs without complication (disorder),diabetes_no_qof,snomed
190447002,Steroid-induced diabetes (disorder),diabetes_no_qof,snomed
111307005,Leprechaunism syndrome (disorder),diabetes_no_qof,snomed
5368009,Drug-induced diabetes mellitus (disorder),diabetes_no_qof,snomed
2751001,Fibrocalculous pancreatic diabetes (disorder),diabetes_no_qof,snomed
771571000000102,History of secondary diabetes mellitus (situation),diabetes_no_qof,snomed
472972006,History of maturity onset diabetes mellitus in young (situation),diabetes_no_qof,snomed
368601000119102,Hyperosmolar coma due to secondary diabetes mellitus (disorder),diabetes_no_qof,snomed
237613005,Hyperproinsulinemia (disorder),diabetes_no_qof,snomed
763325000,Insulin resistance (disorder),diabetes_no_qof,snomed
237651005,Insulin resistance - type A (disorder),diabetes_no_qof,snomed
237652003,Insulin resistance - type B (disorder),diabetes_no_qof,snomed
75524006,Malnutrition related diabetes mellitus (disorder),diabetes_no_qof,snomed
426875007,Latent autoimmune diabetes mellitus in adult (disorder),diabetes_no_qof,snomed
127012008,Lipoatrophic diabetes (disorder),diabetes_no_qof,snomed
112991000000101,Lipoatrophic diabetes mellitus without complication (disorder),diabetes_no_qof,snomed
237608006,Lipodystrophy partial with Rieger anomaly short stature and insulinopenic diabetes mellitus (disorder),diabetes_no_qof,snomed
420996007,Coma due to malnutrition-related diabetes mellitus (disorder),diabetes_no_qof,snomed
190406000,Ketoacidosis due to malnutrition related diabetes mellitus (disorder),diabetes_no_qof,snomed
190411003,Multiple complications due to malnutrition related diabetes (disorder),diabetes_no_qof,snomed
190410002,Malnutrition-related diabetes mellitus with peripheral circulatory complications (disorder),diabetes_no_qof,snomed
190407009,Malnutrition-related diabetes mellitus with renal complications (disorder),diabetes_no_qof,snomed
190412005,Malnutrition-related diabetes mellitus without complications (disorder),diabetes_no_qof,snomed
420683009,Disorder of nervous system due to malnutrition related diabetes mellitus (disorder),diabetes_no_qof,snomed
421256007,Disorder of eye due to malnutrition related diabetes mellitus (disorder),diabetes_no_qof,snomed
335621000000101,Maternally inherited diabetes mellitus (disorder),diabetes_no_qof,snomed
609561005,Maturity-onset diabetes of the young (disorder),diabetes_no_qof,snomed
609562003,Maturity onset diabetes of the young type 1 (disorder),diabetes_no_qof,snomed
609572000,Maturity-onset diabetes of the young type 5 (disorder),diabetes_no_qof,snomed
237617006,Megaloblastic anemia thiamine-responsive with diabetes mellitus and sensorineural deafness (disorder),diabetes_no_qof,snomed
49817004,Neonatal diabetes mellitus (disorder),diabetes_no_qof,snomed
73211009,Diabetes mellitus (disorder),diabetes_no_qof,snomed
420422005,Ketoacidosis due to diabetes mellitus (disorder),diabetes_no_qof,snomed
385041000000108,Diabetes mellitus with multiple complications (disorder),diabetes_no_qof,snomed
422088007,Disorder of nervous system due to diabetes mellitus (disorder),diabetes_no_qof,snomed
25093002,Disorder of eye due to diabetes mellitus (disorder),diabetes_no_qof,snomed
421895002,Peripheral vascular disorder due to diabetes mellitus (disorder),diabetes_no_qof,snomed
127013003,Disorder of kidney due to diabetes mellitus (disorder),diabetes_no_qof,snomed
74627003,Complication due to diabetes mellitus (disorder),diabetes_no_qof,snomed
33559001,Pineal hyperplasia AND diabetes mellitus syndrome (disorder),diabetes_no_qof,snomed
57886004,Protein-deficient diabetes mellitus (disorder),diabetes_no_qof,snomed
8801005,Secondary diabetes mellitus (disorder),diabetes_no_qof,snomed
237601000,Secondary endocrine diabetes mellitus (disorder),diabetes_no_qof,snomed
190416008,Steroid-induced diabetes mellitus without complication (disorder),diabetes_no_qof,snomed
724276006,X-linked immune dysregulation polyendocrinopathy enteropathy syndrome (disorder),diabetes_no_qof,snomed
237620003,Abnormal metabolic state due to diabetes mellitus (disorder),diabetes_no_qof,snomed
735200002,Absence of lower limb due to diabetes mellitus (disorder),diabetes_no_qof,snomed
762489000,Acute complication due to diabetes mellitus (disorder),diabetes_no_qof,snomed
193183000,Acute painful neuropathy due to diabetes mellitus (disorder),diabetes_no_qof,snomed
193350004,Advanced maculopathy due to diabetes mellitus (disorder),diabetes_no_qof,snomed
311782002,Advanced retinal disease due to diabetes mellitus (disorder),diabetes_no_qof,snomed
193185007,Asymptomatic neuropathy due to diabetes mellitus (disorder),diabetes_no_qof,snomed
863880004,At low risk of ulcer of left foot due to diabetes mellitus (finding),diabetes_no_qof,snomed
863879002,At low risk of ulcer of right foot due to diabetes mellitus (finding),diabetes_no_qof,snomed
306441000000109,Attended dose adjustment for normal eating diabetes structured education programme (finding),diabetes_no_qof,snomed
276651000000107,Attended diabetes education and self management for ongoing and newly diagnosed structured programme (finding),diabetes_no_qof,snomed
413597006,Attended diabetes structured education program (finding),diabetes_no_qof,snomed
306401000000106,Attended expert patient education versus routine treatment diabetes structured education programme (finding),diabetes_no_qof,snomed
50620007,Autonomic neuropathy due to diabetes mellitus (disorder),diabetes_no_qof,snomed
390834004,Nonproliferative retinopathy due to diabetes mellitus (disorder),diabetes_no_qof,snomed
768794008,Cataract of bilateral eyes due to diabetes mellitus (disorder),diabetes_no_qof,snomed
11530004,Brittle diabetes mellitus (disorder),diabetes_no_qof,snomed
48951005,Bullous disease due to diabetes mellitus (disorder),diabetes_no_qof,snomed
768793002,Cataract of left eye due to diabetes mellitus (disorder),diabetes_no_qof,snomed
768792007,Cataract of right eye due to diabetes mellitus (disorder),diabetes_no_qof,snomed
200687002,Cellulitis of foot due to diabetes mellitus (disorder),diabetes_no_qof,snomed
193184006,Chronic painful neuropathy due to diabetes mellitus (disorder),diabetes_no_qof,snomed
230575000,Chronic painful polyneuropathy due to diabetes mellitus (disorder),diabetes_no_qof,snomed
236500003,Proteinuric nephropathy due to diabetes mellitus (disorder),diabetes_no_qof,snomed
312911008,Clinically significant macular edema (disorder),diabetes_no_qof,snomed
769222008,Clinically significant macular edema of left eye due to diabetes mellitus (disorder),diabetes_no_qof,snomed
769221001,Clinically significant macular edema of right eye due to diabetes mellitus (disorder),diabetes_no_qof,snomed
770097006,Clinically significant macular edema due to diabetes mellitus (disorder),diabetes_no_qof,snomed
420662003,Coma due to diabetes mellitus (disorder),diabetes_no_qof,snomed
306471000000103,Dose adjustment for normal eating diabetes structured education programme completed (situation),diabetes_no_qof,snomed
306501000000105,Diabetes education and self management for ongoing and newly diagnosed structured programme completed (situation),diabetes_no_qof,snomed
230572002,Neuropathy due to diabetes mellitus (disorder),diabetes_no_qof,snomed
658011000000104,Diabetes mellitus with other specified manifestation (disorder),diabetes_no_qof,snomed
422275004,Gangrene due to diabetes mellitus (disorder),diabetes_no_qof,snomed
532411000000102,Diabetes mellitus adult onset with no mention of complication (disorder),diabetes_no_qof,snomed
276560009,Diabetes mellitus in neonate small for gestational age (disorder),diabetes_no_qof,snomed
703136005,Diabetes mellitus in remission (disorder),diabetes_no_qof,snomed
315287002,Diabetes mellitus insulin-glucose infusion in acute myocardial infarction (procedure),diabetes_no_qof,snomed
268519009,Diabetic - poor control (finding),diabetes_no_qof,snomed
422126006,Hyperosmolar coma due to diabetes mellitus (disorder),diabetes_no_qof,snomed
26298008,Ketoacidotic coma due to diabetes mellitus (disorder),diabetes_no_qof,snomed
111552007,Diabetes mellitus without complication (disorder),diabetes_no_qof,snomed
49455004,Polyneuropathy due to diabetes mellitus (disorder),diabetes_no_qof,snomed
421365002,Peripheral circulatory disorder due to type 1 diabetes mellitus (disorder),diabetes_no_qof,snomed
190330002,Hyperosmolar coma due to type 1 diabetes mellitus (disorder),diabetes_no_qof,snomed
185756006,Diabetes monitoring first letter (procedure),diabetes_no_qof,snomed
310425007,Diabetes monitoring invitation (procedure),diabetes_no_qof,snomed
705072004,Diabetes monitoring invitation by short message service text messaging (procedure),diabetes_no_qof,snomed
1083111000000108,Diabetes monitoring invitation email (procedure),diabetes_no_qof,snomed
185757002,Diabetes monitoring second letter (procedure),diabetes_no_qof,snomed
1066911000000100,Diabetes monitoring short message service text message first invitation (procedure),diabetes_no_qof,snomed
1066921000000106,Diabetes monitoring short message service text message second invitation (procedure),diabetes_no_qof,snomed
1066931000000108,Diabetes monitoring short message service text message third invitation (procedure),diabetes_no_qof,snomed
185760009,Diabetes monitoring telephone invite (procedure),diabetes_no_qof,snomed
185758007,Diabetes monitoring third letter (procedure),diabetes_no_qof,snomed
185759004,Diabetes monitoring verbal invite (procedure),diabetes_no_qof,snomed
315051004,Diabetes resolved (finding),diabetes_no_qof,snomed
755491000000100,Diabetes structured education programme completed (situation),diabetes_no_qof,snomed
306591000000103,Diabetes structured education programme declined (situation),diabetes_no_qof,snomed
885931000000100,Diabetes structured education programme not available (situation),diabetes_no_qof,snomed
1103691000000102,Diabetes structured education programme offered (situation),diabetes_no_qof,snomed
237619009,Maternally inherited diabetes and deafness (disorder),diabetes_no_qof,snomed
170763003,Diabetic - good control (finding),diabetes_no_qof,snomed
39058009,Lumbosacral radiculoplexus neuropathy due to diabetes mellitus (disorder),diabetes_no_qof,snomed
43959009,Cataract of eye due to diabetes mellitus (disorder),diabetes_no_qof,snomed
201724008,Neuropathic arthropathy due to diabetes mellitus (disorder),diabetes_no_qof,snomed
201723002,Cheiroarthropathy due to diabetes mellitus (disorder),diabetes_no_qof,snomed
238982009,Dermopathy due to diabetes mellitus (disorder),diabetes_no_qof,snomed
429729007,Diabetic education completed (situation),diabetes_no_qof,snomed
280137006,Diabetic foot (disorder),diabetes_no_qof,snomed
401191002,Diabetic foot examination (regime/therapy),diabetes_no_qof,snomed
412752009,Diabetic foot examination declined (situation),diabetes_no_qof,snomed
408397002,Diabetic foot examination not indicated (situation),diabetes_no_qof,snomed
394683006,Diabetic foot risk assessment (procedure),diabetes_no_qof,snomed
367011000000100,Diabetic foot screen (regime/therapy),diabetes_no_qof,snomed
371087003,Ulcer of foot due to diabetes mellitus (disorder),diabetes_no_qof,snomed
309426007,Glomerulopathy due to diabetes mellitus (disorder),diabetes_no_qof,snomed
707221002,Glomerulosclerosis of kidney due to diabetes mellitus (disorder),diabetes_no_qof,snomed
310505005,Hyperosmolar non-ketotic state due to diabetes mellitus (disorder),diabetes_no_qof,snomed
193489006,Iritis due to diabetes mellitus (disorder),diabetes_no_qof,snomed
111556005,Ketoacidosis without coma due to diabetes mellitus (disorder),diabetes_no_qof,snomed
312912001,Macular edema due to diabetes mellitus (disorder),diabetes_no_qof,snomed
399864000,Macular edema not clinically significant due to diabetes mellitus (disorder),diabetes_no_qof,snomed
769218003,Macular edema of left eye due to diabetes mellitus (disorder),diabetes_no_qof,snomed
769217008,Macular edema of right eye due to diabetes mellitus (disorder),diabetes_no_qof,snomed
232020009,Disorder of macula due to diabetes mellitus (disorder),diabetes_no_qof,snomed
860712005,Disorder of macula of bilateral eyes due to diabetes mellitus present (situation),diabetes_no_qof,snomed
769245002,Disorder of left macula due to diabetes mellitus (disorder),diabetes_no_qof,snomed
769244003,Disorder of right macula due to diabetes mellitus (disorder),diabetes_no_qof,snomed
724136006,Mastopathy due to diabetes mellitus (disorder),diabetes_no_qof,snomed
126534007,Mixed sensorimotor polyneuropathy due to diabetes mellitus (disorder),diabetes_no_qof,snomed
193141005,Mononeuritis multiplex due to diabetes mellitus (disorder),diabetes_no_qof,snomed
230577008,Mononeuropathy due to diabetes mellitus (disorder),diabetes_no_qof,snomed
170745003,Diabetic on diet only (finding),diabetes_no_qof,snomed
170747006,Diabetic on insulin (finding),diabetes_no_qof,snomed
127014009,Peripheral angiopathy due to diabetes mellitus (disorder),diabetes_no_qof,snomed
424736006,Peripheral neuropathy due to diabetes mellitus (disorder),diabetes_no_qof,snomed
401081006,Diabetic peripheral neuropathy screening (regime/therapy),diabetes_no_qof,snomed
724810001,Radiculoplexoneuropathy due to diabetes mellitus (disorder),diabetes_no_qof,snomed
722161008,Diabetic retinal eye exam (procedure),diabetes_no_qof,snomed
25412000,Microaneurysm of retinal artery due to diabetes mellitus (disorder),diabetes_no_qof,snomed
399866003,Venous beading of retina due to diabetes mellitus (disorder),diabetes_no_qof,snomed
4855003,Retinopathy due to diabetes mellitus (disorder),diabetes_no_qof,snomed
408384004,Diabetic retinopathy 12 month review (finding),diabetes_no_qof,snomed
408385003,Diabetic retinopathy 6 month review (finding),diabetes_no_qof,snomed
721103006,Diabetic retinopathy of eye not detected (situation),diabetes_no_qof,snomed
775841000000109,Diabetic retinopathy detected by national screening programme (disorder),diabetes_no_qof,snomed
134395001,Diabetic retinopathy screening (procedure),diabetes_no_qof,snomed
238984005,Rubeosis faciei due to diabetes mellitus (disorder),diabetes_no_qof,snomed
237621004,Severe hyperglycemia due to diabetes mellitus (disorder),diabetes_no_qof,snomed
422183001,Skin ulcer due to diabetes mellitus (disorder),diabetes_no_qof,snomed
232023006,Traction detachment of retina due to diabetes mellitus (disorder),diabetes_no_qof,snomed
312910009,Vitreous hemorrhage due to diabetes mellitus (disorder),diabetes_no_qof,snomed
402864004,Wet gangrene of foot due to diabetes mellitus (disorder),diabetes_no_qof,snomed
307141000000102,Did not attend dose adjustment for normal eating diabetes structured education programme (finding),diabetes_no_qof,snomed
307171000000108,Did not attend diabetes education and self management for ongoing and newly diagnosed structured programme (finding),diabetes_no_qof,snomed
306861000000107,Did not attend diabetes structured education programme (finding),diabetes_no_qof,snomed
307201000000109,Did not attend expert patient education versus routine treatment diabetes structured education programme (finding),diabetes_no_qof,snomed
1098011000000102,Did not commence remote structured diabetes education and support programme (situation),diabetes_no_qof,snomed
306961000000101,Did not complete dose adjustment for normal eating diabetes structured education programme (situation),diabetes_no_qof,snomed
306991000000107,Did not complete diabetes education and self management for ongoing and newly diagnosed structured programme (situation),diabetes_no_qof,snomed
306931000000106,Did not complete diabetes structured education programme (situation),diabetes_no_qof,snomed
307021000000105,Did not complete expert patient education versus routine treatment diabetes structured education programme (situation),diabetes_no_qof,snomed
314010006,Diffuse exudative maculopathy due to diabetes mellitus (disorder),diabetes_no_qof,snomed
312906006,Non-high-risk proliferative retinopathy due to diabetes mellitus (disorder),diabetes_no_qof,snomed
770096002,Erectile dysfunction due to diabetes mellitus (disorder),diabetes_no_qof,snomed
716031000000106,Excepted from diabetes quality indicators - informed dissent (finding),diabetes_no_qof,snomed
717421000000100,Excepted from diabetes quality indicators - patient unsuitable (finding),diabetes_no_qof,snomed
374631000000101,Excluded from diabetic retinopathy screening as deceased (finding),diabetes_no_qof,snomed
306531000000104,Expert patient education versus routine treatment diabetes structured education programme completed (situation),diabetes_no_qof,snomed
314011005,Focal exudative maculopathy due to diabetes mellitus (disorder),diabetes_no_qof,snomed
170757007,Fundoscopy - diabetic check (regime/therapy),diabetes_no_qof,snomed
713704004,Gastroparesis due to diabetes mellitus (disorder),diabetes_no_qof,snomed
312907002,High risk proliferative retinopathy due to diabetes mellitus (disorder),diabetes_no_qof,snomed
441656006,Hyperglycemic crisis due to diabetes mellitus (disorder),diabetes_no_qof,snomed
735537007,Hyperosmolar hyperglycemic coma due to diabetes mellitus without ketoacidosis (disorder),diabetes_no_qof,snomed
367261000119100,Hyperosmolarity due to drug induced diabetes mellitus (disorder),diabetes_no_qof,snomed
237633009,Hypoglycemia due to diabetes mellitus (disorder),diabetes_no_qof,snomed
237632004,Hypoglycemic event due to diabetes (disorder),diabetes_no_qof,snomed
373041000000101,Impaired vision due to diabetic retinopathy (finding),diabetes_no_qof,snomed
419100001,Infection of foot due to diabetes mellitus (disorder),diabetes_no_qof,snomed
237618001,Insulin-dependent diabetes mellitus secretory diarrhea syndrome (disorder),diabetes_no_qof,snomed
314014002,Ischemic maculopathy due to diabetes mellitus (disorder),diabetes_no_qof,snomed
201250006,Ischemic ulcer of foot due to diabetes mellitus (disorder),diabetes_no_qof,snomed
1102351000000105,Ketosis-prone diabetes mellitus (disorder),diabetes_no_qof,snomed
890171006,Ketosis-prone diabetes mellitus (disorder),diabetes_no_qof,snomed
197605007,Nephrotic syndrome due to diabetes mellitus (disorder),diabetes_no_qof,snomed
923461000000103,Lifestyle education for diabetes (procedure),diabetes_no_qof,snomed
170766006,Loss of hypoglycemic warning due to diabetes mellitus (disorder),diabetes_no_qof,snomed
724997001,Lumbosacral plexopathy co-occurrent and due to diabetes mellitus (disorder),diabetes_no_qof,snomed
445170001,Macroalbuminuric nephropathy due to diabetes mellitus (disorder),diabetes_no_qof,snomed
236499007,Microalbuminuric nephropathy due to diabetes mellitus (disorder),diabetes_no_qof,snomed
312903003,Mild nonproliferative retinopathy due to diabetes mellitus (disorder),diabetes_no_qof,snomed
769184004,Mild nonproliferative retinopathy of left eye due to diabetes mellitus (disorder),diabetes_no_qof,snomed
769183005,Mild nonproliferative retinopathy of right eye due to diabetes mellitus (disorder),diabetes_no_qof,snomed
368711000119106,Mild nonproliferative retinopathy due to secondary diabetes mellitus (disorder),diabetes_no_qof,snomed
314015001,Mixed maculopathy due to diabetes mellitus (disorder),diabetes_no_qof,snomed
201252003,Mixed diabetic ulcer - foot (disorder),diabetes_no_qof,snomed
312904009,Moderate nonproliferative retinopathy due to diabetes mellitus (disorder),diabetes_no_qof,snomed
769186002,Moderate nonproliferative retinopathy of left eye due to diabetes mellitus (disorder),diabetes_no_qof,snomed
769185003,Moderate nonproliferative retinopathy of right eye due to diabetes mellitus (disorder),diabetes_no_qof,snomed
267604001,Myasthenic syndrome due to diabetic mellitus (disorder),diabetes_no_qof,snomed
201251005,Neuropathic ulcer of foot due to diabetes mellitus (disorder),diabetes_no_qof,snomed
860711003,No disorder of macula of bilateral eyes due to diabetes mellitus (situation),diabetes_no_qof,snomed
237635002,Nocturnal hypoglycemia due to diabetes mellitus (disorder),diabetes_no_qof,snomed
399875001,Non-high-risk proliferative retinopathy with clinically significant macular edema due to diabetes mellitus (disorder),diabetes_no_qof,snomed
399870006,Non-high-risk proliferative retinopathy with no macular edema due to diabetes mellitus (disorder),diabetes_no_qof,snomed
421966007,Non-ketotic non-hyperosmolar coma due to diabetes mellitus (disorder),diabetes_no_qof,snomed
816177009,Nonproliferative retinopathy of left eye due to diabetes mellitus (disorder),diabetes_no_qof,snomed
816178004,Nonproliferative retinopathy of right eye due to diabetes mellitus (disorder),diabetes_no_qof,snomed
720504004,Not suitable for Diabetes Education and Self Management for Ongoing and Newly Diagnosed program (finding),diabetes_no_qof,snomed
390855002,On examination - diabetic maculopathy absent both eyes (situation),diabetes_no_qof,snomed
390854003,On examination - diabetic maculopathy present both eyes (situation),diabetes_no_qof,snomed
414890007,On examination - left chronic diabetic foot ulcer (finding),diabetes_no_qof,snomed
394674001,On examination - Left diabetic foot - ulcerated (finding),diabetes_no_qof,snomed
394676004,On examination - Left diabetic foot at high risk (finding),diabetes_no_qof,snomed
756381000000100,On examination - Left diabetic foot at increased risk (finding),diabetes_no_qof,snomed
394675000,On examination - Left diabetic foot at low risk (finding),diabetes_no_qof,snomed
394681008,On examination - Left diabetic foot at moderate risk (finding),diabetes_no_qof,snomed
308106006,On examination-Left diabetic foot at risk (finding),diabetes_no_qof,snomed
408410002,On examination - left eye background diabetic retinopathy (disorder),diabetes_no_qof,snomed
408412005,On examination - left eye preproliferative diabetic retinopathy (disorder),diabetes_no_qof,snomed
408414006,On examination - left eye proliferative diabetic retinopathy (disorder),diabetes_no_qof,snomed
414894003,On examination - left eye stable treated proliferative diabetic retinopathy (disorder),diabetes_no_qof,snomed
390853009,On examination - no left diabetic retinopathy (situation),diabetes_no_qof,snomed
390850007,On examination - no right diabetic retinopathy (situation),diabetes_no_qof,snomed
414906009,On examination - right chronic diabetic foot ulcer (finding),diabetes_no_qof,snomed
394673007,On examination - Right diabetic foot - ulcerated (finding),diabetes_no_qof,snomed
394672002,On examination - Right diabetic foot at high risk (finding),diabetes_no_qof,snomed
756391000000103,On examination - Right diabetic foot at increased risk (finding),diabetes_no_qof,snomed
394671009,On examination - Right diabetic foot at low risk (finding),diabetes_no_qof,snomed
394682001,On examination - Right diabetic foot at moderate risk (finding),diabetes_no_qof,snomed
308105005,On examination-Right diabetic foot at risk (finding),diabetes_no_qof,snomed
408409007,On examination - right eye background diabetic retinopathy (disorder),diabetes_no_qof,snomed
408411003,On examination - right eye preproliferative diabetic retinopathy (disorder),diabetes_no_qof,snomed
408413000,On examination - right eye proliferative diabetic retinopathy (disorder),diabetes_no_qof,snomed
414910007,On examination - right eye stable treated proliferative diabetic retinopathy (disorder),diabetes_no_qof,snomed
417677008,On examination - sight threatening diabetic retinopathy (disorder),diabetes_no_qof,snomed
416672007,Patient offered diabetes structured education program (situation),diabetes_no_qof,snomed
407569005,Patient on maximal tolerated therapy for diabetes (finding),diabetes_no_qof,snomed
232021008,Proliferative retinopathy with optic disc neovascularization due to diabetes mellitus (disorder),diabetes_no_qof,snomed
59276001,Proliferative retinopathy due to diabetes mellitus (disorder),diabetes_no_qof,snomed
193349004,Preproliferative retinopathy due to diabetes mellitus (disorder),diabetes_no_qof,snomed
385051000000106,Pre-existing diabetes mellitus (disorder),diabetes_no_qof,snomed
106281000119103,Pre-existing diabetes mellitus in mother complicating childbirth (disorder),diabetes_no_qof,snomed
609563008,Pre-existing diabetes mellitus in pregnancy (disorder),diabetes_no_qof,snomed
199231005,Pre-existing malnutrition-related diabetes mellitus (disorder),diabetes_no_qof,snomed
769182000,Preproliferative retinopathy of left eye due to diabetes mellitus (disorder),diabetes_no_qof,snomed
769181007,Preproliferative retinopathy of right eye due to diabetes mellitus (disorder),diabetes_no_qof,snomed
62260007,Pretibial pigmental patches due to diabetes mellitus (disorder),diabetes_no_qof,snomed
399862001,High risk proliferative retinopathy without macular edema due to diabetes mellitus (disorder),diabetes_no_qof,snomed
312908007,Quiescent proliferative retinopathy due to diabetes mellitus (disorder),diabetes_no_qof,snomed
232022001,Proliferative retinopathy with neovascularization elsewhere than the optic disc due to diabetes mellitus (disorder),diabetes_no_qof,snomed
39181008,Radiculoplexus neuropathy due to diabetes mellitus (disorder),diabetes_no_qof,snomed
390890005,Refer to diabetic foot screener (procedure),diabetes_no_qof,snomed
306701000000102,Referral to dose adjustment for normal eating diabetes structured education programme (procedure),diabetes_no_qof,snomed
860981000000106,Referral to dose adjustment for normal eating diabetes structured education programme declined (situation),diabetes_no_qof,snomed
306741000000104,Referral to diabetes education and self management for ongoing and newly diagnosed diabetes structured programme (procedure),diabetes_no_qof,snomed
781161000000107,Referral to diabetes education and self management for ongoing and newly diagnosed structured programme declined (situation),diabetes_no_qof,snomed
415270003,Referral to diabetes structured education program (procedure),diabetes_no_qof,snomed
306771000000105,Referral to expert patient education versus routine treatment diabetes structured education programme (procedure),diabetes_no_qof,snomed
1108741000000109,Referral to Healthy Living for People with Diabetes online self-management programme (procedure),diabetes_no_qof,snomed
1108731000000100,Referral to online diabetes structured education programme (procedure),diabetes_no_qof,snomed
1097131000000105,Remote diabetes structured education and support programme commenced (situation),diabetes_no_qof,snomed
1097141000000101,Remote diabetes structured education and support programme completed (situation),diabetes_no_qof,snomed
313340009,Seen in diabetic eye clinic (finding),diabetes_no_qof,snomed
312905005,Severe nonproliferative retinopathy due to diabetes mellitus (disorder),diabetes_no_qof,snomed
769188001,Severe nonproliferative retinopathy of left eye due to diabetes mellitus (disorder),diabetes_no_qof,snomed
769187006,Severe nonproliferative retinopathy of right eye due to diabetes mellitus (disorder),diabetes_no_qof,snomed
399872003,Severe nonproliferative retinopathy with clinically significant macular edema due to diabetes mellitus (disorder),diabetes_no_qof,snomed
399873008,Severe nonproliferative retinopathy without macular edema due to diabetes mellitus (disorder),diabetes_no_qof,snomed
773001000000103,Symptomatic diabetic peripheral neuropathy (disorder),diabetes_no_qof,snomed
860978005,Ulcer of left foot due to diabetes mellitus (disorder),diabetes_no_qof,snomed
408394009,Under care of diabetic foot screener (finding),diabetes_no_qof,snomed
399876000,Very severe nonproliferative retinopathy due to diabetes mellitus (disorder),diabetes_no_qof,snomed
769190000,Very severe nonproliferative retinopathy of right eye due to diabetes mellitus (disorder),diabetes_no_qof,snomed
399865004,Very severe proliferative retinopathy due to diabetes mellitus (disorder),diabetes_no_qof,snomed
399871005,Visually threatening retinopathy due to diabetes mellitus (disorder),diabetes_no_qof,snomed
104941000119109,Retinal ischemia due to type 1 diabetes mellitus,diabetes_no_qof,snomed
10754881000119104,Diabetes mellitus in mother complicating childbirth (disorder),diabetes_no_qof,snomed
110181000119105,Peripheral sensory neuropathy due to type 2 diabetes mellitus,diabetes_no_qof,snomed
127011001,Diabetic sensory polyneuropathy,diabetes_no_qof,snomed
1491000119102,Diabetic vitreous haemorrhage associated with type II diabetes mellitus,diabetes_no_qof,snomed
190369008,Type 1 diabetes mellitus with gangrene,diabetes_no_qof,snomed
198121000000103,Hypoglycaemic warning impaired (disorder),diabetes_no_qof,snomed
198131000000101,Hypoglycaemic warning good (disorder),diabetes_no_qof,snomed
230574001,Diabetic acute painful polyneuropathy,diabetes_no_qof,snomed
230576004,Diabetic asymmetric polyneuropathy,diabetes_no_qof,snomed
230579006,Diabetic thoracic radiculopathy,diabetes_no_qof,snomed
237610008,"Acrorenal field defect, ectodermal dysplasia, and lipoatrophic diabetes (disorder)",diabetes_no_qof,snomed
237612000,"Photomyoclonus, diabetes mellitus, deafness, nephropathy and cerebral dysfunction (disorder)",diabetes_no_qof,snomed
237616002,"Hypogonadism, diabetes mellitus, alopecia, mental retardation and electrocardiographic abnormalities (disorder)",diabetes_no_qof,snomed
237622006,Poor glycemic control (disorder),diabetes_no_qof,snomed
238981002,Soft tissue complication of diabetes mellitus,diabetes_no_qof,snomed
238983004,Diabetic thick skin syndrome,diabetes_no_qof,snomed
267467004,Diabetes mellitus (&amp; [ketoacidosis]) (disorder),diabetes_no_qof,snomed
267471001,Diabetes + eye manifestation (&amp; [cataract] or [retinopathy]) (disorder),diabetes_no_qof,snomed
303059007,Postpancreatectomy hypoinsulinemia (disorder),diabetes_no_qof,snomed
312909004,Proliferative diabetic retinopathy - iris neovascularisation,diabetes_no_qof,snomed
314537004,Diabetic optic papillopathy,diabetes_no_qof,snomed
361216007,Diabetic femoral mononeuropathy,diabetes_no_qof,snomed
398140007,Somogyi phenomenon (disorder),diabetes_no_qof,snomed
408539000,Insulin autoimmune syndrome (disorder),diabetes_no_qof,snomed
413184002,Fibrocalculous pancreatopathy without complication (disorder),diabetes_no_qof,snomed
735538002,Lactic acidosis co-occurrent and due to diabetes mellitus (disorder),diabetes_no_qof,snomed
761000119102,Diabetic dyslipidemia associated with type 2 diabetes mellitus,diabetes_no_qof,snomed
769219006,Macular edema due to type 1 diabetes mellitus,diabetes_no_qof,snomed
81531005,Diabetes mellitus type 2 in obese (disorder),diabetes_no_qof,snomed
83728000,"Polyglandular autoimmune syndrome, type 2 (disorder)",diabetes_no_qof,snomed
87451000119102,Heel AND/OR midfoot ulcer due to type 2 diabetes mellitus,diabetes_no_qof,snomed
894741000000107,Hypoglycaemic warning absent (disorder),diabetes_no_qof,snomed
792926007,Armanni-Ebstein kidney due to diabetes mellitus (disorder),diabetes_no_qof,snomed
722206009,Pancreatic hypoplasia diabetes mellitus congenital heart disease syndrome (disorder),diabetes_no_qof,snomed
F17,Nicotine dependence,smoking_current_no_qof_1,icd10
160613002,Admitted tobacco consumption possibly untrue (finding),smoking_current_no_qof_1,snomed
225324006,Smoking effects education (procedure),smoking_current_no_qof_1,snomed
225323000,Smoking cessation education (procedure),smoking_current_no_qof_1,snomed
266918002,Tobacco smoking consumption (observable entity),smoking_current_no_qof_1,snomed
506491000000102,Brief intervention for smoking cessation (procedure),smoking_current_no_qof_1,snomed
771155005,Brief intervention for smoking cessation (procedure),smoking_current_no_qof_1,snomed
230065006,Chain smoker (finding),smoking_current_no_qof_1,snomed
230057008,Cigar consumption (observable entity),smoking_current_no_qof_1,snomed
59978006,Cigar smoker (finding),smoking_current_no_qof_1,snomed
230056004,Cigarette consumption (observable entity),smoking_current_no_qof_1,snomed
401201003,Cigarette pack-years (observable entity),smoking_current_no_qof_1,snomed
65568007,Cigarette smoker (finding),smoking_current_no_qof_1,snomed
755721000000107,Consent given for follow-up by smoking cessation team (finding),smoking_current_no_qof_1,snomed
77176002,Smoker (finding),smoking_current_no_qof_1,snomed
755741000000100,Declined consent for follow-up by smoking cessation team (finding),smoking_current_no_qof_1,snomed
446172000,Failed attempt to stop smoking (finding),smoking_current_no_qof_1,snomed
230063004,Heavy cigarette smoker (finding),smoking_current_no_qof_1,snomed
160605003,Heavy cigarette smoker (20-39 cigs/day) (finding),smoking_current_no_qof_1,snomed
56771006,Heavy smoker (over 20 per day) (finding),smoking_current_no_qof_1,snomed
784481000000108,Issue of nicotine replacement therapy voucher (procedure),smoking_current_no_qof_1,snomed
160612007,Keeps trying to stop smoking (finding),smoking_current_no_qof_1,snomed
230060001,Light cigarette smoker (finding),smoking_current_no_qof_1,snomed
160603005,Light cigarette smoker (1-9 cigs/day) (finding),smoking_current_no_qof_1,snomed
413173009,Minutes from waking to first tobacco consumption (observable entity),smoking_current_no_qof_1,snomed
230062009,Moderate cigarette smoker (finding),smoking_current_no_qof_1,snomed
160604004,Moderate cigarette smoker (10-19 cigs/day) (finding),smoking_current_no_qof_1,snomed
56578002,Moderate smoker (20 or less per day) (finding),smoking_current_no_qof_1,snomed
313396002,Nicotine replacement therapy (situation),smoking_current_no_qof_1,snomed
315022003,Nicotine replacement therapy declined (situation),smoking_current_no_qof_1,snomed
200211000000104,Nicotine replacement therapy provided by community pharmacist (procedure),smoking_current_no_qof_1,snomed
390905006,Nicotine replacement therapy provided free (procedure),smoking_current_no_qof_1,snomed
280801000000101,Nicotine replacement therapy using nicotine gum (procedure),smoking_current_no_qof_1,snomed
280811000000104,Nicotine replacement therapy using nicotine inhalator (procedure),smoking_current_no_qof_1,snomed
790131000000109,Nicotine replacement therapy using nicotine lozenge (procedure),smoking_current_no_qof_1,snomed
790121000000107,Nicotine replacement therapy using nicotine patch (procedure),smoking_current_no_qof_1,snomed
394873005,Not interested in stopping smoking (finding),smoking_current_no_qof_1,snomed
230059006,Occasional cigarette smoker (finding),smoking_current_no_qof_1,snomed
266920004,Trivial cigarette smoker (less than one cigarette/day) (finding),smoking_current_no_qof_1,snomed
428041000124106,Occasional tobacco smoker (finding),smoking_current_no_qof_1,snomed
710081004,Smoking cessation therapy (regime/therapy),smoking_current_no_qof_1,snomed
315055008,Over the counter nicotine replacement therapy (procedure),smoking_current_no_qof_1,snomed
82302008,Pipe smoker (finding),smoking_current_no_qof_1,snomed
230058003,Pipe tobacco consumption (observable entity),smoking_current_no_qof_1,snomed
712971000000108,Practice based smoking cessation programme start date (observable entity),smoking_current_no_qof_1,snomed
171055003,Pregnancy smoking education (procedure),smoking_current_no_qof_1,snomed
699033005,Provision of smoking cessation leaflet (procedure),smoking_current_no_qof_1,snomed
838131000000103,Provision of written information about smoking cessation (procedure),smoking_current_no_qof_1,snomed
1110971000000101,Quality and Outcomes Framework smoking quality indicator-related care invitation (procedure),smoking_current_no_qof_1,snomed
143461000000103,Quality and Outcomes Framework smoking quality indicator-related care invitation using preferred method of communication (procedure),smoking_current_no_qof_1,snomed
394872000,Ready to stop smoking (finding),smoking_current_no_qof_1,snomed
401159003,Reason for restarting smoking (observable entity),smoking_current_no_qof_1,snomed
770729006,Referral for brief intervention for smoking cessation (procedure),smoking_current_no_qof_1,snomed
767641000000109,Referral for smoking cessation service offered (finding),smoking_current_no_qof_1,snomed
505281000000106,Referral to National Health Service stop smoking service (procedure),smoking_current_no_qof_1,snomed
395700008,Referral to smoking cessation advisor (procedure),smoking_current_no_qof_1,snomed
871661000000106,Referral to smoking cessation service (procedure),smoking_current_no_qof_1,snomed
871641000000105,Referral to smoking cessation service declined (situation),smoking_current_no_qof_1,snomed
315232003,Referral to stop-smoking clinic (procedure),smoking_current_no_qof_1,snomed
160619003,Rolls own cigarettes (finding),smoking_current_no_qof_1,snomed
401068004,Seen by smoking cessation advisor (finding),smoking_current_no_qof_1,snomed
1084381000000100,Signposting to smoking cessation service (procedure),smoking_current_no_qof_1,snomed
225934006,Smokes in bed (finding),smoking_current_no_qof_1,snomed
449868002,Smokes tobacco daily (finding),smoking_current_no_qof_1,snomed
527151000000107,Smoking cessation advice declined (situation),smoking_current_no_qof_1,snomed
200221000000105,Smoking cessation advice provided by community pharmacist (situation),smoking_current_no_qof_1,snomed
384742004,Smoking cessation assistance (regime/therapy),smoking_current_no_qof_1,snomed
713700008,Smoking cessation drug therapy (regime/therapy),smoking_current_no_qof_1,snomed
822591000000108,Smoking cessation drug therapy declined (situation),smoking_current_no_qof_1,snomed
521721000000109,Smoking cessation leaflet given (situation),smoking_current_no_qof_1,snomed
1087441000000106,Smoking cessation programme declined (situation),smoking_current_no_qof_1,snomed
310429001,Smoking monitoring invitation (procedure),smoking_current_no_qof_1,snomed
134406006,Smoking reduced (finding),smoking_current_no_qof_1,snomed
308438006,Smoking restarted (finding),smoking_current_no_qof_1,snomed
266929003,Smoking started (finding),smoking_current_no_qof_1,snomed
783401000000101,Stop smoking invitation first short message service text message (procedure),smoking_current_no_qof_1,snomed
783441000000103,Stop smoking invitation second short message service text message (procedure),smoking_current_no_qof_1,snomed
783381000000101,Stop smoking invitation short message service text message (procedure),smoking_current_no_qof_1,snomed
783481000000106,Stop smoking invitation third short message service text message (procedure),smoking_current_no_qof_1,snomed
185792005,Stop smoking monitoring first letter (procedure),smoking_current_no_qof_1,snomed
185793000,Stop smoking monitoring second letter (procedure),smoking_current_no_qof_1,snomed
185796008,Stop smoking monitoring telephone invite (procedure),smoking_current_no_qof_1,snomed
185794006,Stop smoking monitoring third letter (procedure),smoking_current_no_qof_1,snomed
185795007,Stop smoking monitoring verbal invite (procedure),smoking_current_no_qof_1,snomed
783011000000105,Stop smoking service opportunity signposted (situation),smoking_current_no_qof_1,snomed
394871007,Thinking about stopping smoking (finding),smoking_current_no_qof_1,snomed
365982000,Finding of tobacco smoking consumption (finding),smoking_current_no_qof_1,snomed
266927001,Tobacco smoking consumption unknown (finding),smoking_current_no_qof_1,snomed
110483000,Tobacco user (finding),smoking_current_no_qof_1,snomed
160616005,Trying to give up smoking (finding),smoking_current_no_qof_1,snomed
966971000000103,Varenicline smoking cessation therapy declined (situation),smoking_current_no_qof_1,snomed
966991000000104,Varenicline smoking cessation therapy offered (situation),smoking_current_no_qof_1,snomed
1110791000000100,Very Brief Advice on Smoking (procedure),smoking_current_no_qof_1,snomed
230064005,Very heavy cigarette smoker (finding),smoking_current_no_qof_1,snomed
160606002,Very heavy cigarette smoker (40+ cigs/day) (finding),smoking_current_no_qof_1,snomed
203191000000107,Wants to stop smoking (finding),smoking_current_no_qof_1,snomed
836001000000109,Waterpipe tobacco consumption (observable entity),smoking_current_no_qof_1,snomed
E66,Certain current complications following acute myocardial infarction,obesity,icd10
408512008,Body mass index 40+ - severely obese (finding),obesity,snomed
162864005,Body mass index 30+ - obesity (finding),obesity,snomed
21634003,Borjeson-Forssman-Lehmann syndrome (disorder),obesity,snomed
921031000000102,Child body mass index 98.1st-99.6th centile (finding),obesity,snomed
921051000000109,Child body mass index greater than 99.6th centile (finding),obesity,snomed
921011000000105,Child body mass index on 98th centile (finding),obesity,snomed
190966007,Extreme obesity with alveolar hypoventilation (disorder),obesity,snomed
162690006,On examination - obese (finding),obesity,snomed
268916007,On examination - weight greater than 20% over ideal (finding),obesity,snomed
414915002,Obese (finding),obesity,snomed
443371000124107,Obese class I (finding),obesity,snomed
914721000000105,Obese class I (body mass index 30.0 - 34.9) (finding),obesity,snomed
443381000124105,Obese class II (finding),obesity,snomed
914731000000107,Obese class II (body mass index 35.0 - 39.9) (finding),obesity,snomed
819948005,Obese class III (finding),obesity,snomed
914741000000103,Obese class III (body mass index equal to or greater than 40.0) (finding),obesity,snomed
284352003,Obesity diet education (procedure),obesity,snomed
788996008,Obesity in adolescence (disorder),obesity,snomed
Z720,Tobacco use,smoking_ex,icd10
360900008,Aggressive ex-smoker (finding),smoking_ex,snomed
8517006,Ex-smoker (finding),smoking_ex,snomed
160625004,Date ceased smoking (observable entity),smoking_ex,snomed
735112005,Date ceased using moist tobacco (observable entity),smoking_ex,snomed
492191000000103,Ex roll-up cigarette smoker (finding),smoking_ex,snomed
160621008,Ex-cigar smoker (finding),smoking_ex,snomed
281018007,Ex-cigarette smoker (finding),smoking_ex,snomed
266928006,Ex-cigarette smoker amount unknown (finding),smoking_ex,snomed
266924008,Ex-heavy cigarette smoker (20-39/day) (finding),smoking_ex,snomed
1092071000000105,Ex-heavy smoker (20-39/day) (finding),smoking_ex,snomed
266922007,Ex-light cigarette smoker (1-9/day) (finding),smoking_ex,snomed
1092111000000104,Ex-light smoker (1-9/day) (finding),smoking_ex,snomed
266923002,Ex-moderate cigarette smoker (10-19/day) (finding),smoking_ex,snomed
1092091000000109,Ex-moderate smoker (10-19/day) (finding),smoking_ex,snomed
160620009,Ex-pipe smoker (finding),smoking_ex,snomed
1092031000000108,Ex-smoker amount unknown (finding),smoking_ex,snomed
735128000,Ex-smoker for less than 1 year (finding),smoking_ex,snomed
48031000119106,Ex-smoker for more than 1 year (finding),smoking_ex,snomed
266921000,Ex-trivial cigarette smoker (<1/day) (finding),smoking_ex,snomed
1092131000000107,Ex-trivial smoker (<1/day) (finding),smoking_ex,snomed
266925009,Ex-very heavy cigarette smoker (40+/day) (finding),smoking_ex,snomed
1092041000000104,Ex-very heavy smoker (40+/day) (finding),smoking_ex,snomed
360890004,Intolerant ex-smoker (finding),smoking_ex,snomed
517211000000106,Recently stopped smoking (finding),smoking_ex,snomed
449345000,Smoked before confirmation of pregnancy (finding),smoking_ex,snomed
160617001,Stopped smoking (finding),smoking_ex,snomed
449369001,Stopped smoking before pregnancy (finding),smoking_ex,snomed
449368009,Stopped smoking during pregnancy (finding),smoking_ex,snomed
228486009,Time since stopped smoking (observable entity),smoking_ex,snomed
53896009,Tolerant ex-smoker (finding),smoking_ex,snomed
1092031000000100,Ex-smoker amount unknown (finding),smoking_ex,snomed
1092041000000100,Ex-very heavy smoker (40+/day) (finding),smoking_ex,snomed
1092071000000100,Ex-heavy smoker (20-39/day) (finding),smoking_ex,snomed
1092091000000100,Ex-moderate smoker (10-19/day) (finding),smoking_ex,snomed
1092111000000100,Ex-light smoker (1-9/day) (finding),smoking_ex,snomed
1092131000000100,Ex-trivial smoker (&lt;1/day) (finding),smoking_ex,snomed
405746006,Current non smoker but past smoking history unknown (finding),smoking_non,snomed
160618006,Current non-smoker (finding),smoking_non,snomed
266919005,Never smoked tobacco (finding),smoking_non,snomed
221000119102,Never smoked any substance (finding),smoking_non,snomed
8392000,Non-smoker (finding),smoking_non,snomed
